"name","mz","rt","Candidate.number","Compound.name","CAS.ID","HMDB.ID","KEGG.ID","Lab.ID","Adduct","mz.error","mz.match.score","RT.error","RT.match.score","CE","SS","Total.score","Database"
"pHILIC_223.1438_4.1",223.1438,246,1,"Mexacarbate","NA","NA","NA","Mexacarbate","(M+H)+","1.25","0.9987508","NA","NA","NA","0","0.9987508","list1_ms1_database"
"pHILIC_310.1756_5.8",310.1756,348,1,"Isopropalin","NA","NA","NA","Isopropalin","(M+H)+","1.5","0.9982016","NA","NA","NA","0","0.9982016","list2_ms1_database"
"pHILIC_200.128_6.8",200.128,408,1,"Pyrimethanil","NA","NA","NA","Pyrimethanil","(M+H)+","24.25","0.6247211","NA","NA","NA","0","0.6247211","list1_ms1_database"
"pHILIC_203.0813_7.2",203.0813,432,1,"Fluoranthene","NA","NA","NA","Fluoranthene","(M+H)+","10","0.9231163","NA","NA","NA","0","0.9231163","list2_ms1_database"
"pHILIC_163.0534_7.5",163.0534,450,1,"Methomyl","NA","NA","NA","Methomyl","(M+H)+","0.25","0.99995","NA","NA","NA","0","0.99995","list1_ms1_database"
"pHILIC_171.0763_7.5",171.0763,450,1,"ortho-Phenylphenol","NA","NA","NA","ortho-Phenylphenol","(M+H)+","10","0.9231163","NA","NA","NA","0","0.9231163","list1_ms1_database"
"pHILIC_152.0705_7.6",152.0705,456,1,"Tetrahydrophthalimide","NA","NA","NA","Tetrahydrophthalimide","(M+H)+","0.25","0.99995","NA","NA","NA","0","0.99995","list2_ms1_database"
"pHILIC_249.1078_10.4",249.1078,624,1,"Mono-cyclohexyl phthalate (MCHP)","NA","NA","NA","Mono-cyclohexyl phthalate (MCHP)","(M+H)+","11.25","0.9037071","NA","NA","NA","0","0.9037071","list1_ms1_database"
"pHILIC_249.1077_10.8",249.1077,648,1,"Mono-cyclohexyl phthalate (MCHP)","NA","NA","NA","Mono-cyclohexyl phthalate (MCHP)","(M+H)+","11.5","0.8996046","NA","NA","NA","0","0.8996046","list1_ms1_database"
"pHILIC_337.1234_11.6",337.1234,696,1,"Fenbuconazole","NA","NA","NA","Fenbuconazole","(M+H)+","5.25","0.9781913","NA","NA","NA","0","0.9781913","list1_ms1_database"
"pRPLC_301.1185_5.8",301.1185,348,1,"Desmedipham","NA","NA","NA","Desmedipham","(M+H)+","0.5","0.9998","NA","NA","NA","0","0.9998","list1_ms1_database"
"pHILIC_199.0825_1.5",199.0825,90,1,"5-Acetylamino-6-amino-3-methyluracil","NA","HMDB04400","C16366","HILIC_623","(M+H)+","1.3125","0.9986228","6","0.9801987","NA","0","0.9894107","msDatabase_hilic0.0.2"
"pHILIC_302.3046_1.8",302.3046,108,1,"Sphinganine","764-22-7","HMDB00269","C00836","HILIC_466","(M+H)+","1.3125","0.9986228","0","1","NA","0","0.9993114","msDatabase_hilic0.0.2"
"pHILIC_790.5707_2",790.5707,120,1,"PC(P-38:6)","NA","NA","NA","HILIC_519","(M+H)+","0.6640772","0.9996473","0","1","NA","0","0.9998236","msDatabase_hilic0.0.2"
"pHILIC_257.1127_2",257.1127,120,1,"1-(beta-D-Ribofuranosyl)-1,4-dihydronicotinamide","NA","HMDB11648","C15497","HILIC_692","(M+H)+","1.8125","0.9973753","6","0.9801987","NA","0","0.988787","msDatabase_hilic0.0.2"
"pHILIC_114.0661_2.5",114.0661,150,1,"Creatinine","60-27-5","HMDB00562","C00791","HILIC_438","(M+H)+","1.3125","0.9986228","0","1","NA","0","0.9993114","msDatabase_hilic0.0.2"
"pHILIC_776.5554_3",776.5554,180,1,"PE(P-40:6)","NA","NA","NA","HILIC_532","(M+H)+","0.6760625","0.9996344","0","1","NA","0","0.9998172","msDatabase_hilic0.0.2"
"pHILIC_137.0457_3.1",137.0457,186,1,"Hypoxanthine","68-94-0","HMDB00157","C00262","HILIC_467","(M+H)+","1.3125","0.9986228","0","1","NA","0","0.9993114","msDatabase_hilic0.0.2"
"pHILIC_750.5399_3.1",750.5399,186,1,"PE(P-38:5)","NA","NA","NA","HILIC_531","(M+H)+","0.6994965","0.9996086","0","1","NA","0","0.9998043","msDatabase_hilic0.0.2"
"pHILIC_764.5206_3.4",764.5206,204,1,"PE(38:6)","NA","NA","NA","HILIC_525","(M+H)+","0.6867048","0.9996228","0","1","NA","0","0.9998114","msDatabase_hilic0.0.2"
"pHILIC_768.5558_3.5",768.5558,210,1,"PC(35:4)","NA","NA","NA","HILIC_504","(M+H)+","0.6830994","0.9996268","0","1","NA","0","0.9998134","msDatabase_hilic0.0.2"
"pHILIC_740.5213_3.6",740.5213,216,1,"PC(33:4)","NA","NA","NA","HILIC_498","(M+H)+","0.70896","0.999598","0","1","NA","0","0.999799","msDatabase_hilic0.0.2"
"pHILIC_738.5049_3.9",738.5049,234,1,"PE(36:5)","NA","NA","NA","HILIC_523","(M+H)+","0.7108958","0.9995958","0","1","NA","0","0.9997979","msDatabase_hilic0.0.2"
"pHILIC_716.5208_3.9",716.5208,234,1,"PE(34:2)","NA","NA","NA","HILIC_522","(M+H)+","0.7327073","0.9995706","0","1","NA","0","0.9997853","msDatabase_hilic0.0.2"
"pHILIC_722.5093_4.2",722.5093,252,1,"PE(P-36:5)","NA","NA","NA","HILIC_528","(M+H)+","0.7266342","0.9995777","0","1","NA","0","0.9997888","msDatabase_hilic0.0.2"
"pHILIC_752.5554_4.3",752.5554,258,1,"PE(P-38:4)","NA","NA","NA","HILIC_529","(M+H)+","0.6976231","0.9996107","0","1","NA","0","0.9998054","msDatabase_hilic0.0.2"
"pHILIC_776.5553_4.3",776.5553,258,1,"PE(P-40:6)","NA","NA","NA","HILIC_533","(M+H)+","0.6760626","0.9996344","0","1","NA","0","0.9998172","msDatabase_hilic0.0.2"
"pHILIC_750.5404_4.4",750.5404,264,1,"PE(P-38:5)","NA","NA","NA","HILIC_530","(M+H)+","0.699496","0.9996086","0","1","NA","0","0.9998043","msDatabase_hilic0.0.2"
"pHILIC_724.5254_4.4",724.5254,264,1,"PE(P-36:4)","NA","NA","NA","HILIC_527","(M+H)+","0.7246123","0.99958","0","1","NA","0","0.99979","msDatabase_hilic0.0.2"
"pHILIC_738.5403_4.4",738.5403,264,1,"PC(P-34:4)","NA","NA","NA","HILIC_516","(M+H)+","0.7108617","0.9995958","0","1","NA","0","0.9997979","msDatabase_hilic0.0.2"
"pHILIC_740.522_4.4",740.522,264,1,"PC(33:4)","NA","NA","NA","HILIC_497","(M+H)+","0.7089594","0.999598","0","1","NA","0","0.999799","msDatabase_hilic0.0.2"
"pHILIC_768.5548_4.4",768.5548,264,1,"PC(35:4)","NA","NA","NA","HILIC_503","(M+H)+","0.6831003","0.9996268","0","1","NA","0","0.9998134","msDatabase_hilic0.0.2"
"pHILIC_728.5563_4.5",728.5563,270,1,"PE(P-36:2)","NA","NA","NA","HILIC_526","(M+H)+","0.7206032","0.9995847","0","1","NA","0","0.9997923","msDatabase_hilic0.0.2"
"pHILIC_792.5536_4.5",792.5536,270,1,"PC(37:6)","NA","NA","NA","HILIC_508","(M+H)+","0.6624158","0.999649","0","1","NA","0","0.9998245","msDatabase_hilic0.0.2"
"pHILIC_298.1139_4.7",298.1139,282,1,"1-Methylguanosine","2140-65-0","HMDB01563","C04545","HILIC_485","(M+H)+","1.3125","0.9986228","0","1","NA","0","0.9993114","msDatabase_hilic0.0.2"
"pHILIC_834.5972_4.7",834.5972,282,1,"PC(40:6)","NA","NA","NA","HILIC_513","(M+H)+","0.2695911","0.9999419","18","0.8352702","NA","0","0.917606","msDatabase_hilic0.0.2"
"pHILIC_764.557_4.7",764.557,282,1,"PC(P-36:5)","NA","NA","NA","HILIC_517","(M+H)+","0.2288907","0.9999581","18","0.8352702","NA","0","0.9176141","msDatabase_hilic0.0.2"
"pHILIC_806.567_4.8",806.567,288,1,"PC(38:6)","NA","NA","NA","HILIC_512","(M+H)+","0.6509069","0.9996611","0","1","NA","0","0.9998306","msDatabase_hilic0.0.2"
"pHILIC_810.597_4.8",810.597,288,1,"PC(38:4)","NA","NA","NA","HILIC_510","(M+H)+","0.2775732","0.9999384","12","0.9231163","NA","0","0.9615274","msDatabase_hilic0.0.2"
"pHILIC_585.2694_4.9",585.2694,294,1,"Bilirubin","NA","HMDB00054","C00486","HILIC_483","(M+H)+","0.8970228","0.9993565","0","1","NA","0","0.9996782","msDatabase_hilic0.0.2"
"pHILIC_219.0795_5",219.0795,300,1,"Pro-Cys or Cys-Pro","||","HMDB28783|HMDB29014|","||","HILIC_491","(M+H)+","1.3125","0.9986228","0","1","NA","0","0.9993114","msDatabase_hilic0.0.2"
"pHILIC_816.5884_5",816.5884,300,1,"PC(P-40:7)","NA","NA","NA","HILIC_520","(M+H)+","0.6429188","0.9996694","0","1","NA","0","0.9998347","msDatabase_hilic0.0.2"
"pHILIC_850.6644_5",850.6644,300,1,"PC(P-42:5)","NA","NA","NA","HILIC_521","(M+H)+","0.6171647","0.9996953","0","1","NA","0","0.9998477","msDatabase_hilic0.0.2"
"pHILIC_764.5577_5",764.5577,300,1,"PC(P-36:5)","NA","NA","NA","HILIC_517","(M+H)+","0.6866715","0.9996229","0","1","NA","0","0.9998114","msDatabase_hilic0.0.2"
"pHILIC_834.5975_5",834.5975,300,1,"PC(40:6)","NA","NA","NA","HILIC_513","(M+H)+","0.6290457","0.9996835","0","1","NA","0","0.9998417","msDatabase_hilic0.0.2"
"pHILIC_892.6501_5",892.6501,300,1,"3-O-Sulfogalactosylceramide","151122-71-3","HMDB00024","C06125","HILIC_435","(M+H)+","0.5881364","0.9997233","0","1","NA","0","0.9998617","msDatabase_hilic0.0.2"
"pHILIC_810.5973_5",810.5973,300,1,"PC(38:4)","NA","NA","NA","HILIC_510","(M+H)+","0.6476706","0.9996645","0","1","NA","0","0.9998322","msDatabase_hilic0.0.2"
"pHILIC_806.5663_5",806.5663,300,1,"PC(38:6)","NA","NA","NA","HILIC_512","(M+H)+","0.2169691","0.9999623","12","0.9231163","NA","0","0.9615393","msDatabase_hilic0.0.2"
"pHILIC_782.5665_5.1",782.5665,306,1,"PC(36:4)","NA","NA","NA","HILIC_506","(M+H)+","0.6708695","0.99964","0","1","NA","0","0.99982","msDatabase_hilic0.0.2"
"pHILIC_778.5358_5.1",778.5358,306,1,"PC(36:6)","NA","NA","NA","HILIC_507","(M+H)+","0.6743428","0.9996363","0","1","NA","0","0.9998181","msDatabase_hilic0.0.2"
"pHILIC_742.5724_5.1",742.5724,306,1,"PC(P-34:2)","NA","NA","NA","HILIC_515","(M+H)+","0.7070018","0.9996002","0","1","NA","0","0.9998001","msDatabase_hilic0.0.2"
"pHILIC_754.5367_5.1",754.5367,306,1,"PC(34:4)","NA","NA","NA","HILIC_500","(M+H)+","0.6957912","0.9996128","0","1","NA","0","0.9998064","msDatabase_hilic0.0.2"
"pHILIC_786.5972_5.1",786.5972,306,1,"PC(36:2)","NA","NA","NA","HILIC_505","(M+H)+","0.6674318","0.9996437","0","1","NA","0","0.9998218","msDatabase_hilic0.0.2"
"pHILIC_772.5828_5.1",772.5828,306,1,"PC(35:2)","NA","NA","NA","HILIC_501","(M+H)+","0.6795388","0.9996306","0","1","NA","0","0.9998153","msDatabase_hilic0.0.2"
"pHILIC_758.5668_5.1",758.5668,306,1,"PC(34:2)","NA","NA","NA","HILIC_499","(M+H)+","0.6920946","0.9996169","0","1","NA","0","0.9998084","msDatabase_hilic0.0.2"
"pHILIC_746.5694_5.1",746.5694,306,1,"PC(33:1)","NA","NA","NA","HILIC_496","(M+H)+","0.7032166","0.9996045","0","1","NA","0","0.9998022","msDatabase_hilic0.0.2"
"pHILIC_732.5525_5.1",732.5525,306,1,"PC(32:1)","NA","NA","NA","HILIC_495","(M+H)+","0.7166722","0.9995892","0","1","NA","0","0.9997946","msDatabase_hilic0.0.2"
"pHILIC_247.1437_5.3",247.1437,318,1,"Tryptophan betaine","NA","HMDB61115","C09213","HILIC_481","(M+H)+","1.3125","0.9986228","0","1","NA","0","0.9993114","msDatabase_hilic0.0.2"
"pHILIC_583.2539_5.3",583.2539,318,1,"Biliverdin","NA","HMDB01008","C00500","HILIC_484","(M+H)+","0.9001226","0.999352","0","1","NA","0","0.999676","msDatabase_hilic0.0.2"
"pHILIC_428.3736_5.5",428.3736,330,1,"C18:0 AC","1976-27-8","HMDB00848","NA","HILIC_457","(M+H)+","1.225566","0.9987991","0","1","NA","0","0.9993996","msDatabase_hilic0.0.2"
"pHILIC_400.3413_5.6",400.3413,336,1,"C16:0 AC","2364-67-2","HMDB00222","C02990","HILIC_456","(M+H)+","1.311381","0.9986252","5.064568","0.9858511","NA","0","0.9922382","msDatabase_hilic0.0.2"
"pHILIC_813.6806_5.6",813.6806,336,1,"SM(d18:1/24:1)","NA","HMDB12107","C00550","HILIC_537","(M+H)+","0.6452163","0.999667","5.064568","0.9858511","NA","0","0.9927591","msDatabase_hilic0.0.2"
"pHILIC_785.6497_5.6",785.6497,336,1,"SM(d18:1/22:1)","NA","HMDB12104","C00550","HILIC_536","(M+H)+","0.6682367","0.9996428","5.064568","0.9858511","NA","0","0.992747","msDatabase_hilic0.0.2"
"pHILIC_372.31_5.6",372.31,336,1,"C14:0 AC","25597-07-3","HMDB05066","NA","HILIC_455","(M+H)+","1.3125","0.9986228","5.064568","0.9858511","NA","0","0.992237","msDatabase_hilic0.0.2"
"pHILIC_731.6033_5.7",731.6033,342,1,"SM(d18:1/18:0)","NA","HMDB12088","C00550","HILIC_535","(M+H)+","0.717602","0.9995881","4.85061","0.9870137","NA","0","0.9933009","msDatabase_hilic0.0.2"
"pHILIC_703.5724_5.7",703.5724,342,1,"SM(d18:1/16:0)","NA","HMDB13464","C00550","HILIC_534","(M+H)+","0.7461919","0.9995547","4.85061","0.9870137","NA","0","0.9932842","msDatabase_hilic0.0.2"
"pHILIC_542.3221_6",542.3221,360,1,"LysoPC(20:5)","NA","HMDB10397","C04230","HILIC_465","(M+H)+","0.9680594","0.9992506","4.483232","0.9888958","NA","0","0.9940732","msDatabase_hilic0.0.2"
"pHILIC_360.2736_6.1",360.2736,366,1,"C18:0,OH AC","NA","HMDB13164","NA","HILIC_458","(M+H)+","1.3125","0.9986228","4.44577","0.9890796","NA","0","0.9938512","msDatabase_hilic0.0.2"
"pHILIC_166.0861_6.2",166.0861,372,1,"L-Phenylalanine","63-91-2","HMDB00159","C00079","HILIC_443","(M+H)+","1.3125","0.9986228","4.447644","0.9890704","NA","0","0.9938466","msDatabase_hilic0.0.2"
"pHILIC_158.1174_6.2",158.1174,372,1,"Homostachydrine","NA","HMDB33433","C08283","HILIC_494","(M+H)+","1.3125","0.9986228","4.447644","0.9890704","NA","0","0.9938466","msDatabase_hilic0.0.2"
"pHILIC_104.1069_6.6",104.1069,396,1,"Choline","NA","HMDB00097","C00114","HILIC_463","(M+H)+","1.3125","0.9986228","4.812167","0.9872174","NA","0","0.9929201","msDatabase_hilic0.0.2"
"pHILIC_130.0863_6.6",130.0863,396,1,"N-methylproline","NA","NA","NA","HILIC_478","(M+H)+","1.3125","0.9986228","4.812167","0.9872174","NA","0","0.9929201","msDatabase_hilic0.0.2"
"pHILIC_144.1018_6.7",144.1018,402,1,"Proline betaine","471-87-4","HMDB04827","C10172","HILIC_469","(M+H)+","1.3125","0.9986228","4.983777","0.9862959","NA","0","0.9924593","msDatabase_hilic0.0.2"
"pHILIC_282.119_6.7",282.119,402,1,"N1-methyladenosine","NA","HMDB03331","C02494","HILIC_486","(M+H)+","1.3125","0.9986228","4.983777","0.9862959","NA","0","0.9924593","msDatabase_hilic0.0.2"
"pHILIC_205.0969_6.7",205.0969,402,1,"D-Tryptophan","NA","NA","NA","HILIC_325","(M+H)+","0.7","0.9996081","4.918614","0.9866495","NA","0","0.9931288","msDatabase_hilic0.0.2"
"pHILIC_150.0581_7",150.0581,420,1,"L-Methionine","63-68-3","HMDB00696","C00073","HILIC_442","(M+H)+","1.3125","0.9986228","5.664949","0.9823293","NA","0","0.9904761","msDatabase_hilic0.0.2"
"pHILIC_216.1227_7",216.1227,420,1,"C3:1 AC","NA","HMDB13124","NA","HILIC_460","(M+H)+","1.3125","0.9986228","5.664949","0.9823293","NA","0","0.9904761","msDatabase_hilic0.0.2"
"pHILIC_118.0861_7",118.0861,420,1,"Betaine","NA","NA","NA","HILIC_312","(M+H)+","0.45","0.999838","11.26577","0.9319187","NA","0","0.9658783","msDatabase_hilic0.0.2"
"pHILIC_218.1384_7.3",218.1384,438,1,"C3:0 AC","17298-37-2","HMDB00824","C03017","HILIC_459","(M+H)+","1.3125","0.9986228","6.562495","0.9763582","NA","0","0.9874905","msDatabase_hilic0.0.2"
"pHILIC_294.1541_7.3",294.1541,438,1,"N-(1-Deoxy-1-fructosyl)leucine","34393-18-5|87304-79-8","HMDB37840|HMDB39780","NA","HILIC_682","(M+H)+","1.8125","0.9973753","12","0.9231163","NA","0","0.9602458","msDatabase_hilic0.0.2"
"pHILIC_179.0484_7.4",179.0484,444,1,"Cys-Gly or Gly-Cys","NA","NA","NA","HILIC_488","(M+H)+","1.3125","0.9986228","6.902727","0.9738764","NA","0","0.9862496","msDatabase_hilic0.0.2"
"pHILIC_180.0865_7.4",180.0865,444,1,"Hexosamine","NA","NA","NA","HILIC_453","(M+H)+","1.3125","0.9986228","6.902727","0.9738764","NA","0","0.9862496","msDatabase_hilic0.0.2"
"pHILIC_212.1026_7.4",212.1026,444,1,"N-acetyl-1-methylhistidine","NA","NA","NA","HILIC_477","(M+H)+","1.3125","0.9986228","6.902727","0.9738764","NA","0","0.9862496","msDatabase_hilic0.0.2"
"pHILIC_160.0967_7.5",160.0967,450,1,"Betonicine","NA","HMDB29412","C08269","HILIC_493","(M+H)+","1.3125","0.9986228","7.261089","0.971134","NA","0","0.9848784","msDatabase_hilic0.0.2"
"pHILIC_146.0811_7.5",146.0811,450,1,"Isobutyrylglycine","NA","HMDB00730","NA","HILIC_475","(M+H)+","1.3125","0.9986228","7.261089","0.971134","NA","0","0.9848784","msDatabase_hilic0.0.2"
"pHILIC_178.0532_7.5",178.0532,450,1,"Alliin","NA","HMDB33592","C08265","HILIC_492","(M+H)+","1.3125","0.9986228","7.261089","0.971134","NA","0","0.9848784","msDatabase_hilic0.0.2"
"pHILIC_130.0862_7.6",130.0862,456,1,"Pipecolic acid","535-75-1","HMDB00070","C00408","HILIC_450","(M+H)+","1.3125","0.9986228","7.6362","0.9681238","NA","0","0.9833733","msDatabase_hilic0.0.2"
"pHILIC_139.0501_7.6",139.0501,456,1,"Urocanic acid","NA","NA","NA","HILIC_104","(M+H)+","0.32","0.9999181","0.7006835","0.9997273","NA","0","0.9998227","msDatabase_hilic0.0.2"
"pHILIC_182.081_7.7",182.081,462,1,"L-Tyrosine","NA","NA","NA","HILIC_432","(M+H)+","0.475","0.9998195","9.108135","0.9549581","NA","0","0.9773888","msDatabase_hilic0.0.2"
"pHILIC_186.1123_7.8",186.1123,468,1,"C9h15no3","NA","NA","NA","HILIC_722","(M+H)+","1.5625","0.9980488","6","0.9801987","NA","0","0.9891237","msDatabase_hilic0.0.2"
"pHILIC_188.128_8",188.128,480,1,"C9h17no3","NA","NA","NA","HILIC_723","(M+H)+","1.5625","0.9980488","6","0.9801987","NA","0","0.9891237","msDatabase_hilic0.0.2"
"pHILIC_280.1384_8",280.1384,480,1,"N-(1-Deoxy-1-fructosyl)valine","NA","HMDB37844","NA","HILIC_476","(M+H)+","1.3125","0.9986228","9.277699","0.9533055","NA","0","0.9759642","msDatabase_hilic0.0.2"
"pHILIC_104.0705_8.1",104.0705,486,1,"2-Aminobutyrate","NA","HMDB00650","C02261","HILIC_471","(M+H)+","1.3125","0.9986228","9.717042","0.948896","NA","0","0.9737594","msDatabase_hilic0.0.2"
"pHILIC_189.1233_8.4",189.1233,504,1,"N-epsilon-acetyl-L-lysine","NA","NA","NA","HILIC_57","(M+H)+","0.25","0.99995","5.651588","0.9824118","NA","0","0.9911809","msDatabase_hilic0.0.2"
"pHILIC_143.0815_8.5",143.0815,510,1,"Ectoine","NA","NA","NA","HILIC_80","(M+H)+","7.105427e-11","1","6.330095","0.9779848","NA","0","0.9889924","msDatabase_hilic0.0.2"
"pHILIC_170.0923_8.5",170.0923,510,1,"1-Methylhistidine","NA","HMDB00001","C01152","HILIC_470","(M+H)+","1.3125","0.9986228","11.55518","0.9285055","NA","0","0.9635642","msDatabase_hilic0.0.2"
"pHILIC_203.1388_8.9",203.1388,534,1,"Ala-Leu or Leu-Ala","NA","NA","NA","HILIC_487","(M+H)+","1.3125","0.9986228","13.47187","0.904088","NA","0","0.9513554","msDatabase_hilic0.0.2"
"pHILIC_132.0766_9",132.0766,540,1,"Creatine","NA","NA","NA","HILIC_416","(M+H)+","0.45","0.999838","4.029066","0.991022","NA","0","0.99543","msDatabase_hilic0.0.2"
"pHILIC_147.0763_9.7",147.0763,582,1,"L-Glutamine","NA","NA","NA","HILIC_46","(M+H)+","0.25","0.99995","12.97966","0.9106511","NA","0","0.9553006","msDatabase_hilic0.0.2"
"pHILIC_229.1181_10.5",229.1181,630,1,"pro-hydroxy-pro","NA","HMDB06695","NA","HILIC_479","(M+H)+","1.3125","0.9986228","1.554442","0.9986585","NA","0","0.9986407","msDatabase_hilic0.0.2"
"pHILIC_290.1593_10.7",290.1593,642,1,"C6:0,DC AC","NA","HMDB61677","NA","HILIC_462","(M+H)+","1.0625","0.9990973","4.820192","0.987175","NA","0","0.9931362","msDatabase_hilic0.0.2"
"pHILIC_263.0868_10.8",263.0868,648,1,"Asp-Glu or Glu-Asp","NA","NA","NA","HILIC_617","(M+H)+","2.0625","0.9966027","27.6689","0.6535636","NA","0","0.8250831","msDatabase_hilic0.0.2"
"pHILIC_258.1097_10.8",258.1097,648,1,"Glycerophosphocholine","28319-77-9","HMDB00086","C00670","HILIC_464","(M+H)+","1.3125","0.9986228","22.06173","0.7630742","NA","0","0.8808485","msDatabase_hilic0.0.2"
"pHILIC_229.1181_10.9",229.1181,654,1,"pro-hydroxy-pro","NA","HMDB06695","NA","HILIC_479","(M+H)+","1.3125","0.9986228","22.44556","0.7558664","NA","0","0.8772446","msDatabase_hilic0.0.2"
"pHILIC_290.1594_11",290.1594,660,1,"C6:0,DC AC","NA","HMDB61677","NA","HILIC_462","(M+H)+","1.3125","0.9986228","22.82019","0.7487787","NA","0","0.8737008","msDatabase_hilic0.0.2"
"pHILIC_146.1175_11",146.1175,660,1,"Acetylcholine","NA","HMDB0000895","NA","HILIC_454","(M+H)+","1.3125","0.9986228","22.82019","0.7487787","NA","0","0.8737008","msDatabase_hilic0.0.2"
"pHILIC_276.1548_13.2",276.1548,792,1,"gamma-glutamyl-epsilon-lysine","17105-15-6","HMDB03869","NA","HILIC_586","(M+H)+","2.5625","0.9947606","23.02052","0.7449685","NA","0","0.8698646","msDatabase_hilic0.0.2"
"pHILIC_203.1501_13.6",203.1501,816,1,"Symmetric dimethylarginine","NA","HMDB01539","C03626","HILIC_451","(M+H)+","1.3125","0.9986228","29.59326","0.6147536","NA","0","0.8066882","msDatabase_hilic0.0.2"
"pHILIC_189.1345_14.4",189.1345,864,1,"Homoarginine","NA","HMDB00670","C01924","HILIC_667","(M+H)+","1.5625","0.9980488","24","0.726149","NA","0","0.8620989","msDatabase_hilic0.0.2"
"pHILIC_175.1188_15.1",175.1188,906,1,"L-Arginine","NA","NA","NA","HILIC_409","(M+H)+","0.45","0.999838","1.370037","0.9989578","NA","0","0.9993979","msDatabase_hilic0.0.2"
"pHILIC_309.1649_15.6",309.1649,936,1,"Fructoselysine","NA","NA","C16488","HILIC_683","(M+H)+","1.5625","0.9980488","24","0.726149","NA","0","0.8620989","msDatabase_hilic0.0.2"
"pHILIC_147.1126_15.9",147.1126,954,1,"L-(+)-Lysine Monohydrate","NA","NA","NA","HILIC_150","(M+H)+","0.57","0.9997401","6.016903","0.9800881","NA","0","0.9899141","msDatabase_hilic0.0.2"
"pHILIC_133.097_16.1",133.097,966,1,"L-Ornithine","NA","NA","NA","HILIC_401","(M+H)+","0.425","0.9998555","19.80965","0.8041156","NA","0","0.9019855","msDatabase_hilic0.0.2"
"pHILIC_161.1283_16.4",161.1283,984,1,"Ne-Methyl-Lysine","1188-07-4","HMDB02038","C02728","HILIC_658","(M+H)+","1.3125","0.9986228","24","0.726149","NA","0","0.8623859","msDatabase_hilic0.0.2"
"pHILIC_189.1596_18.3",189.1596,1098,1,"N6,N6,N6-Trimethyl-L-lysine","19253-88-4","HMDB01325","C03793","HILIC_446","(M+H)+","1.3125","0.9986228","0","1","NA","0","0.9993114","msDatabase_hilic0.0.2"
"pRPLC_162.1123_0.6",162.1123,36,1,"L(-)-Carnitine","NA","NA","NA","RPLC_54","(M+H)+","0.5","0.9998","3","0.9950125","NA","0","0.9974062","msDatabase_rplc0.0.2"
"pRPLC_290.1601_0.6",290.1601,36,1,"C5:0,DC AC","NA","NA","NA","RPLC_401","(M+H)+","1.3125","0.9986228","0","1","NA","0","0.9993114","msDatabase_rplc0.0.2"
"pRPLC_261.1446_0.8",261.1446,48,1,"gamma-glutamylleucine(1)","NA","HMDB11171","NA","RPLC_436","(M+H)+","1.3125","0.9986228","14.89682","0.8840105","NA","0","0.9413167","msDatabase_rplc0.0.2"
"pRPLC_232.1543_0.9",232.1543,54,1,"C4:0 AC","25576-40-3","HMDB02013","C02862","RPLC_399","(M+H)+","1.3125","0.9986228","2.809039","0.9956259","NA","0","0.9971243","msDatabase_rplc0.0.2"
"pRPLC_261.1446_1",261.1446,60,1,"gamma-glutamylleucine(1)","NA","HMDB11171","NA","RPLC_436","(M+H)+","1.3125","0.9986228","2.896823","0.9953489","NA","0","0.9969858","msDatabase_rplc0.0.2"
"pRPLC_100.0756_1.2",100.0756,72,1,"2-Piperidinone","NA","HMDB11749","NA","RPLC_454","(M+H)+","1.3125","0.9986228","3.067612","0.9947857","NA","0","0.9967043","msDatabase_rplc0.0.2"
"pRPLC_166.0724_1.2",166.0724,72,1,"1-Methylguanine","NA","NA","NA","RPLC_17","(M+H)+","0","1","13.8","0.8996046","NA","0","0.9498023","msDatabase_rplc0.0.2"
"pRPLC_295.1292_1.3",295.1292,78,1,"gamma-glutamylphenylalanine","NA","HMDB00594","NA","RPLC_452","(M+H)+","1.3125","0.9986228","3.150617","0.9945005","NA","0","0.9965617","msDatabase_rplc0.0.2"
"pRPLC_169.0971_1.6",169.0971,96,1,"Cyclo(ala-pro)","NA","NA","NA","RPLC_451","(M+H)+","1.3125","0.9986228","3.390075","0.9936356","NA","0","0.9961292","msDatabase_rplc0.0.2"
"pRPLC_244.1544_1.7",244.1544,102,1,"C5:1 AC","NA","HMDB02366","NA","RPLC_383","(M+H)+","1.3125","0.9986228","3.466708","0.9933455","NA","0","0.9959842","msDatabase_rplc0.0.2"
"pRPLC_153.0658_1.7",153.0658,102,1,"N1-Methyl-2-pyridone-5-carboxamide(1)","NA","HMDB04193","C05842","RPLC_444","(M+H)+","1.3125","0.9986228","26.93239","0.6683293","NA","0","0.8334761","msDatabase_rplc0.0.2"
"pRPLC_246.17_1.9",246.17,114,1,"C5:0 AC","NA","NA","NA","RPLC_400","(M+H)+","1.3125","0.9986228","3.615197","0.9927654","NA","0","0.9956941","msDatabase_rplc0.0.2"
"pRPLC_312.1305_2.8",312.1305,168,1,"N2,N2-Dimethylguanosine","2140-67-2","HMDB04824","NA","RPLC_449","(M+H)+","1.3125","0.9986228","4.204548","0.9902268","NA","0","0.9944248","msDatabase_rplc0.0.2"
"pRPLC_146.06_3",146.06,180,1,"4-formyl Indole(2)","NA","NA","NA","RPLC_380","(M+H)+","1.3125","0.9986228","4.317993","0.9896951","NA","0","0.994159","msDatabase_rplc0.0.2"
"pRPLC_279.1705_3.1",279.1705,186,1,"Phenylalanylleucine","NA","NA","NA","RPLC_378","(M+H)+","1.3125","0.9986228","4.372326","0.9894355","NA","0","0.9940292","msDatabase_rplc0.0.2"
"pRPLC_260.1858_3.3",260.1858,198,1,"C6:0 AC","6418-78-6","HMDB00705","NA","RPLC_402","(M+H)+","1.3125","0.9986228","4.476214","0.9889303","NA","0","0.9937766","msDatabase_rplc0.0.2"
"pRPLC_181.0719_3.4",181.0719,204,1,"Theophylline","NA","HMDB0001889","NA","RPLC_443","(M+H)+","1.3125","0.9986228","4.525769","0.9886853","NA","0","0.9936541","msDatabase_rplc0.0.2"
"pRPLC_313.1548_3.5",313.1548,210,1,"Phenylalanylphenylalanine","2577-40-4","HMDB13302","NA","RPLC_453","(M+H)+","1.3125","0.9986228","4.57373","0.9884456","NA","0","0.9935342","msDatabase_rplc0.0.2"
"pRPLC_146.06_3.6",146.06,216,1,"4-formyl Indole(1)","NA","NA","NA","RPLC_379","(M+H)+","1.3125","0.9986228","4.620099","0.9882115","NA","0","0.9934172","msDatabase_rplc0.0.2"
"pRPLC_352.1657_3.7",352.1657,222,1,"Phenylalanyl-Tryptophan","NA","HMDB29006","NA","RPLC_438","(M+H)+","1.3125","0.9986228","4.664875","0.9879833","NA","0","0.9933031","msDatabase_rplc0.0.2"
"pRPLC_286.2015_4.3",286.2015,258,1,"C8:1 AC","NA","HMDB13324","NA","RPLC_404","(M+H)+","1.3125","0.9986228","4.900081","0.9867492","NA","0","0.992686","msDatabase_rplc0.0.2"
"pRPLC_195.0875_4.6",195.0875,276,1,"Caffeine","58-08-2","HMDB01847","C07481","RPLC_439","(M+H)+","1.3125","0.9986228","4.99618","0.986228","NA","0","0.9924254","msDatabase_rplc0.0.2"
"pRPLC_204.0655_4.8",204.0655,288,1,"Indolepyruvate","NA","HMDB60484","C00331","RPLC_377","(M+H)+","1.3125","0.9986228","5.052281","0.9859192","NA","0","0.992271","msDatabase_rplc0.0.2"
"pRPLC_310.2015_4.9",310.2015,294,1,"C10:3 AC(2)","NA","NA","NA","RPLC_388","(M+H)+","1.3125","0.9986228","5.077943","0.9857768","NA","0","0.9921998","msDatabase_rplc0.0.2"
"pRPLC_310.2014_5.1",310.2014,306,1,"C10:3 AC(2)","NA","NA","NA","RPLC_388","(M+H)+","1.0625","0.9990973","6.922057","0.9737318","NA","0","0.9864145","msDatabase_rplc0.0.2"
"pRPLC_277.0384_5.1",277.0384,306,1,"Dihydroferulic acid","NA","NA","NA","RPLC_455","(M+H)+","1.3125","0.9986228","5.124487","0.9855168","NA","0","0.9920698","msDatabase_rplc0.0.2"
"pRPLC_288.2172_5.1",288.2172,306,1,"C8:0 AC","25243-95-2","HMDB00791","C02838","RPLC_403","(M+H)+","1.3125","0.9986228","5.124487","0.9855168","NA","0","0.9920698","msDatabase_rplc0.0.2"
"pRPLC_312.2171_5.4",312.2171,324,1,"C10:2 AC","NA","HMDB13325","NA","RPLC_386","(M+H)+","1.3125","0.9986228","5.182357","0.9851903","NA","0","0.9919066","msDatabase_rplc0.0.2"
"pRPLC_302.2328_5.6",302.2328,336,1,"C9:0 AC","NA","NA","NA","RPLC_405","(M+H)+","1.3125","0.9986228","5.212972","0.9850161","NA","0","0.9918195","msDatabase_rplc0.0.2"
"pRPLC_314.2328_6.1",314.2328,366,1,"C10:1 AC","NA","HMDB13205","NA","RPLC_385","(M+H)+","1.3125","0.9986228","5.261636","0.9847372","NA","0","0.99168","msDatabase_rplc0.0.2"
"pRPLC_316.2484_6.6",316.2484,396,1,"C10:0 AC","1492-27-9","HMDB00651","NA","RPLC_384","(M+H)+","1.3125","0.9986228","5.270477","0.9846863","NA","0","0.9916546","msDatabase_rplc0.0.2"
"pRPLC_330.2637_7.1",330.2637,426,1,"C11:0 AC","NA","NA","NA","RPLC_389","(M+H)+","1.3125","0.9986228","5.239496","0.9848644","NA","0","0.9917436","msDatabase_rplc0.0.2"
"pRPLC_342.2639_7.2",342.2639,432,1,"C12:1 AC","NA","HMDB13326","NA","RPLC_391","(M+H)+","1.3125","0.9986228","5.228522","0.9849273","NA","0","0.9917751","msDatabase_rplc0.0.2"
"pRPLC_777.6945_7.2",777.6945,432,1,"Thyroxine","51-48-9","HMDB01918","C01829","RPLC_381","(M+H)+","0.6750723","0.9996355","5.228522","0.9849273","NA","0","0.9922814","msDatabase_rplc0.0.2"
"pRPLC_368.2795_7.7",368.2795,462,1,"C14:2 AC","NA","HMDB13331","NA","RPLC_393","(M+H)+","1.3125","0.9986228","5.149755","0.9853747","NA","0","0.9919988","msDatabase_rplc0.0.2"
"pRPLC_344.2796_7.8",344.2796,468,1,"C12:0 AC","25518-54-1","HMDB02250","NA","RPLC_390","(M+H)+","1.3125","0.9986228","5.129223","0.9854902","NA","0","0.9920565","msDatabase_rplc0.0.2"
"pRPLC_370.2952_8.2",370.2952,492,1,"C14:1 AC","835598-21-5","HMDB02014","NA","RPLC_392","(M+H)+","1.3125","0.9986228","5.031166","0.9860358","NA","0","0.9923293","msDatabase_rplc0.0.2"
"pRPLC_286.1439_8.4",286.1439,504,1,"Piperine(1)","30511-76-3","HMDB29377","C03882","RPLC_441","(M+H)+","1.3125","0.9986228","10.9409","0.9356612","NA","0","0.967142","msDatabase_rplc0.0.2"
"pRPLC_286.1439_8.5",286.1439,510,1,"Piperine(1)","30511-76-3","HMDB29377","C03882","RPLC_441","(M+H)+","1.3125","0.9986228","4.940898","0.9865291","NA","0","0.9925759","msDatabase_rplc0.0.2"
"pRPLC_352.2248_8.5",352.2248,510,1,"C16 Sphingosine 1-phosphate","NA","HMDB60061","NA","RPLC_394","(M+H)+","1.3125","0.9986228","4.940898","0.9865291","NA","0","0.9925759","msDatabase_rplc0.0.2"
"pRPLC_398.3266_8.9",398.3266,534,1,"C16:1 AC","NA","NA","NA","RPLC_395","(M+H)+","1.3125","0.9986228","0","1","NA","0","0.9993114","msDatabase_rplc0.0.2"
"pRPLC_239.1642_8.9",239.1642,534,1,"C14:3,OH FA (Hydroxy-tetradecatrienoic acid)","0","0","0","RPLC_784","(M+H)+","0.5625","0.9997469","6","0.9801987","NA","0","0.9899728","msDatabase_rplc0.0.2"
"pRPLC_463.2326_9",463.2326,540,1,"6-Dehydrotestosterone glucuronide","NA","HMDB10337","C03033","RPLC_696","(M+H)+","3.507957","0.9902037","18","0.8352702","NA","0","0.912737","msDatabase_rplc0.0.2"
"pRPLC_424.3421_9.2",424.3421,552,1,"C18:2 AC","NA","HMDB06461","NA","RPLC_398","(M+H)+","1.237209","0.9987762","0","1","NA","0","0.9993881","msDatabase_rplc0.0.2"
"pRPLC_468.3085_9.3",468.3085,558,1,"LysoPC(14:0)","NA","HMDB10379","C04230","RPLC_407","(M+H)+","1.121056","0.9989951","0","1","NA","0","0.9994975","msDatabase_rplc0.0.2"
"pRPLC_426.3576_9.5",426.3576,570,1,"C18:1 AC","38677-66-6","HMDB05065","NA","RPLC_397","(M+H)+","1.231361","0.9987877","0","1","NA","0","0.9993939","msDatabase_rplc0.0.2"
"pRPLC_494.324_9.5",494.324,570,1,"LysoPC(16:1)","NA","HMDB10383","C04230","RPLC_410","(M+H)+","1.062056","0.999098","0","1","NA","0","0.999549","msDatabase_rplc0.0.2"
"pRPLC_382.2719_9.6",382.2719,576,1,"Sphinganine 1-phosphate","19794-97-9","HMDB01383","C01120","RPLC_448","(M+H)+","1.3125","0.9986228","0","1","NA","0","0.9993114","msDatabase_rplc0.0.2"
"pRPLC_482.324_9.7",482.324,582,1,"LysoPC(15:0)","NA","HMDB10381","C04230","RPLC_408","(M+H)+","1.08848","0.9990526","0","1","NA","0","0.9995263","msDatabase_rplc0.0.2"
"pRPLC_478.2927_9.7",478.2927,582,1,"LysoPE(18:2)","NA","HMDB11477","NA","RPLC_428","(M+H)+","1.097654","0.9990366","0","1","NA","0","0.9995183","msDatabase_rplc0.0.2"
"pRPLC_502.2927_9.7",502.2927,582,1,"LysoPE(20:4)","NA","HMDB11487","NA","RPLC_431","(M+H)+","1.045207","0.9991264","0","1","NA","0","0.9995632","msDatabase_rplc0.0.2"
"pRPLC_526.2924_9.8",526.2924,588,1,"LysoPE(22:6)","NA","HMDB11496","NA","RPLC_433","(M+H)+","0.9975443","0.9992042","0","1","NA","0","0.9996021","msDatabase_rplc0.0.2"
"pRPLC_520.3396_9.8",520.3396,588,1,"LysoPC(18:2)","NA","HMDB10386","C04230","RPLC_413","(M+H)+","1.008956","0.9991859","0","1","NA","0","0.999593","msDatabase_rplc0.0.2"
"pRPLC_544.3392_9.8",544.3392,588,1,"LysoPC(20:4)","NA","HMDB10395","C04230","RPLC_418","(M+H)+","0.9644722","0.9992561","0","1","NA","0","0.9996281","msDatabase_rplc0.0.2"
"pRPLC_568.339_9.8",568.339,588,1,"LysoPC(22:6)","NA","HMDB10404","C04230","RPLC_421","(M+H)+","0.9237445","0.9993176","0","1","NA","0","0.9996588","msDatabase_rplc0.0.2"
"pRPLC_508.3397_9.9",508.3397,594,1,"LysoPE(20:1)","NA","HMDB11482","NA","RPLC_884","(M+H)+","0.9344145","0.9993017","12","0.9231163","NA","0","0.961209","msDatabase_rplc0.0.2"
"pRPLC_504.3082_10",504.3082,600,1,"LysoPE(20:3)","NA","HMDB11484","NA","RPLC_430","(M+H)+","1.04103","0.9991334","0","1","NA","0","0.9995667","msDatabase_rplc0.0.2"
"pRPLC_496.3395_10",496.3395,600,1,"LysoPC(16:0)","NA","HMDB10382","C04230","RPLC_409","(M+H)+","1.057744","0.9991053","0","1","NA","0","0.9995527","msDatabase_rplc0.0.2"
"pRPLC_546.3545_10.1",546.3545,606,1,"LysoPC(20:3)","NA","HMDB10393","C04230","RPLC_720","(M+H)+","0.7778832","0.999516","12","0.9231163","NA","0","0.9613162","msDatabase_rplc0.0.2"
"pRPLC_438.2976_10.2",438.2976,612,1,"LysoPE(P-16:0)","NA","HMDB11152","NA","RPLC_434","(M+H)+","1.197816","0.9988528","0","1","NA","0","0.9994264","msDatabase_rplc0.0.2"
"pRPLC_480.3446_10.3",480.3446,618,1,"LysoPC(P-16:0)","NA","HMDB10407","C04230","RPLC_423","(M+H)+","1.092965","0.9990448","0","1","NA","0","0.9995224","msDatabase_rplc0.0.2"
"pRPLC_572.3708_10.3",572.3708,618,1,"LysoPC(22:4)","NA","HMDB10401","C04230","RPLC_420","(M+H)+","0.9172376","0.9993272","0","1","NA","0","0.9996636","msDatabase_rplc0.0.2"
"pRPLC_510.3554_10.3",510.3554,618,1,"LysoPE(20:0)","NA","HMDB11481","NA","RPLC_580","(M+H)+","0.2449274","0.999952","18","0.8352702","NA","0","0.9176111","msDatabase_rplc0.0.2"
"pRPLC_431.3153_10.3",431.3153,618,1,"7-alpha-hydroxy-3-oxo-4-cholestenoate (7-Hoca)","NA","HMDB12458","C17337","RPLC_869","(M+H)+","0.6375846","0.9996748","6","0.9801987","NA","0","0.9899368","msDatabase_rplc0.0.2"
"pRPLC_548.3709_10.4",548.3709,624,1,"LysoPC(20:2)","NA","HMDB10392","C04230","RPLC_416","(M+H)+","0.9573812","0.999267","0","1","NA","0","0.9996335","msDatabase_rplc0.0.2"
"pRPLC_508.376_10.5",508.376,630,1,"LysoPC(P-18:0)","NA","HMDB13122","C04230","RPLC_424","(M+H)+","1.0327","0.9991472","0","1","NA","0","0.9995736","msDatabase_rplc0.0.2"
"pRPLC_482.3238_10.5",482.3238,630,1,"LysoPE(18:0)","NA","HMDB11129","NA","RPLC_427","(M+H)+","1.08848","0.9990526","0","1","NA","0","0.9995263","msDatabase_rplc0.0.2"
"pRPLC_417.3348_10.5",417.3348,630,1,"Dihydroxyvitamin D3(2)","NA","HMDB00430","NA","RPLC_595","(M+H)+","4.852219","0.981341","24","0.726149","NA","0","0.853745","msDatabase_rplc0.0.2"
"pRPLC_524.3708_10.6",524.3708,636,1,"LysoPC(18:0)","5655-17-4","HMDB10384","C04230","RPLC_412","(M+H)+","1.0012","0.9991984","0","1","NA","0","0.9995992","msDatabase_rplc0.0.2"
"pRPLC_550.3864_10.7",550.3864,642,1,"LysoPC(20:1)","NA","HMDB10391","C04230","RPLC_415","(M+H)+","0.9538753","0.9992724","0","1","NA","0","0.9996362","msDatabase_rplc0.0.2"
"pRPLC_676.417_10.7",676.417,642,1,"PS(28:2)","NA","HMDB12342","NA","RPLC_457","(M+H)+","0.7761484","0.9995182","0","1","NA","0","0.9997591","msDatabase_rplc0.0.2"
"pRPLC_538.3863_10.8",538.3863,648,1,"LysoPE(22:0)","NA","HMDB11490","NA","RPLC_432","(M+H)+","0.9751363","0.9992396","0","1","NA","0","0.9996198","msDatabase_rplc0.0.2"
"pRPLC_704.4472_10.9",704.4472,654,1,"PS(30:2)","NA","NA","NA","RPLC_459","(M+H)+","0.7452652","0.9995558","0","1","NA","0","0.9997779","msDatabase_rplc0.0.2"
"pRPLC_510.3913_10.9",510.3913,654,1,"LysoPC(O-18:0)","NA","HMDB11149","C04317","RPLC_422","(M+H)+","1.028623","0.9991539","0","1","NA","0","0.999577","msDatabase_rplc0.0.2"
"pRPLC_310.3104_11.1",310.3104,666,1,"Oleoyl Ethyl Amide","NA","NA","NA","RPLC_447","(M+H)+","1.3125","0.9986228","0","1","NA","0","0.9993114","msDatabase_rplc0.0.2"
"pRPLC_552.402_11.1",552.402,666,1,"LysoPC(20:0)","NA","HMDB10390","C04230","RPLC_414","(M+H)+","0.9503948","0.9992777","0","1","NA","0","0.9996388","msDatabase_rplc0.0.2"
"pRPLC_706.4648_11.2",706.4648,672,1,"PS(30:1)","NA","NA","NA","RPLC_458","(M+H)+","0.7431368","0.9995583","0","1","NA","0","0.9997791","msDatabase_rplc0.0.2"
"pRPLC_730.4663_11.3",730.4663,678,1,"PS(32:3)","NA","NA","NA","RPLC_460","(M+H)+","0.718719","0.9995868","0","1","NA","0","0.9997934","msDatabase_rplc0.0.2"
"pRPLC_647.5116_11.7",647.5116,702,1,"SM(d18:1/12:0)","NA","HMDB12096","C00550","RPLC_461","(M+H)+","0.8107963","0.9994742","0","1","NA","0","0.9997371","msDatabase_rplc0.0.2"
"pRPLC_580.4347_11.8",580.4347,708,1,"LysoPC(22:0)","NA","HMDB10398","C04230","RPLC_419","(M+H)+","0.9044945","0.9993457","0","1","NA","0","0.9996729","msDatabase_rplc0.0.2"
"pRPLC_675.5429_12.6",675.5429,756,1,"SM(d18:1/14:0)","NA","HMDB12097","NA","RPLC_462","(M+H)+","0.7771527","0.9995169","0","1","NA","0","0.9997585","msDatabase_rplc0.0.2"
"nHILIC_279.2328_1",279.2328,92,1,"Linoleic acid","NA","NA","NA","T3D4928","(M-H)-","0.32567","0.9999152","NA","NA","NA","0","0.9999152","t3db_ms1_database"
"nHILIC_441.1596_3.7",441.1596,11,1,"Cortisol 21-sulfate","1253-43-6","HMDB0062779","NA","HMDB0062779","(M-H)-","1.724773","0.997623","NA","NA","NA","0","0.997623","hmdbMS1Database0.0.1"
"nHILIC_512.2684_5.7",512.2684,22,1,"Sulfolithocholylglycine","15324-64-8","HMDB0002639","C11301","HMDB0002639","(M-H)-","0.6313585","0.9996812","NA","NA","NA","0","0.9996812","hmdbMS1Database0.0.1"
"nHILIC_245.0431_7.2",245.0431,50,1,"Pimpinellin","NA","NA","NA","T3D0822","(M-H)-","6.058575","0.9710619","NA","NA","NA","0","0.9710619","t3db_ms1_database"
"nHILIC_160.0615_10.7",160.0615,0,1,"Aminoadipic acid","NA","NA","NA","T3D4259","(M-H)-","0.0196125","0.9999997","NA","NA","NA","0","0.9999997","t3db_ms1_database"
"nHILIC_401.0758_7.6",401.0758,10,1,"4'-Phosphopantothenoylcysteine","7196-09-0","HMDB0001117","C04352","HMDB0001117","(M-H)-","7.698161","0.9536969","NA","NA","NA","0","0.9536969","hmdbMS1Database0.0.1"
"nHILIC_281.2484_1",281.2484,12,1,"Oleic acid","NA","NA","NA","T3D4802","(M-H)-","0.45083","0.9998374","NA","NA","NA","0","0.9998374","t3db_ms1_database"
"nHILIC_115.0399_2",115.0399,50,1,"Propylene thiourea","NA","NA","NA","Propylene thiourea","(M-H)-","15.5","0.8251418","NA","NA","NA","0","0.8251418","list1_ms1_database"
"nHILIC_459.1407_2.1",459.1407,91,1,"Oxytetracycline","NA","NA","NA","T3D3953","(M-H)-","0.3928556","0.9998765","NA","NA","NA","0","0.9998765","t3db_ms1_database"
"nHILIC_212.0022_3",212.0022,20,1,"Indoxyl sulfate","NA","NA","NA","T3D4158","(M-H)-","0.1960175","0.9999693","NA","NA","NA","0","0.9999693","t3db_ms1_database"
"nHILIC_111.0199_3.4",111.0199,10,1,"Maleic hydrazide","NA","NA","NA","T3D3871","(M-H)-","0.193455","0.9999701","NA","NA","NA","0","0.9999701","t3db_ms1_database"
"nHILIC_343.0993_3.5",343.0993,30,1,"Clotrimazole","NA","NA","NA","T3D2729","(M-H)-","3.565653","0.9898804","NA","NA","NA","0","0.9898804","t3db_ms1_database"
"nHILIC_87.045_4.2",87.045,70,1,"1,4-Dioxane","NA","NA","NA","T3D0210","(M-H)-","0.32375","0.9999162","NA","NA","NA","0","0.9999162","t3db_ms1_database"
"nHILIC_151.0261_4.3",151.0261,10,1,"Xanthine","NA","NA","NA","T3D4409","(M-H)-","0.06348","0.9999968","NA","NA","NA","0","0.9999968","t3db_ms1_database"
"nHILIC_103.04_4.6",103.04,30,1,"4-Hydroxybutyric acid","NA","NA","NA","T3D4269","(M-H)-","0.110305","0.9999903","NA","NA","NA","0","0.9999903","t3db_ms1_database"
"nHILIC_833.5227_5.2",833.5227,35,1,"1-hexadecanoyl-2-(9Z,12Z-octadecadienoyl)-sn-glycero-3-phospho-D-myo-inositol","NA","HMDB0062653","NA","HMDB0062653","(M-H)-","5.003341","0.9801725","NA","NA","NA","0","0.9801725","hmdbMS1Database0.0.1"
"nHILIC_481.244_5.2",481.244,12,1,"11-beta-Hydroxyandrosterone-3-glucuronide","NA","HMDB0010351","NA","HMDB0010351","(M-H)-","0.5876728","0.9997238","NA","NA","NA","0","0.9997238","hmdbMS1Database0.0.1"
"nHILIC_245.0432_6.5",245.0432,50,1,"Pimpinellin","NA","NA","NA","T3D0822","(M-H)-","5.808575","0.9733694","NA","NA","NA","0","0.9733694","t3db_ms1_database"
"nHILIC_146.0458_7.6",146.0458,60,1,"L-Glutamic acid","NA","NA","NA","T3D4296","(M-H)-","0.1444525","0.9999833","NA","NA","NA","0","0.9999833","t3db_ms1_database"
"nHILIC_128.0352_7.6",128.0352,80,1,"Naphthalene","NA","NA","NA","Naphthalene","(M-H)-","23.42994","0.6445715","NA","NA","NA","0","0.6445715","select_exposome_ms1_database"
"nHILIC_103.0036_7.7",103.0036,30,1,"Malonic acid","141-82-2","HMDB0000691","C04025","HMDB0000691","(M-H)-","0.14654","0.9999828","NA","NA","NA","0","0.9999828","hmdbMS1Database0.0.1"
"nHILIC_221.0665_7.7",221.0665,10,1,"Aldicarb sulfone","NA","NA","NA","Aldicarb sulfone","(M-H)-","17","0.7935807","NA","NA","NA","0","0.7935807","list1_ms1_database"
"nHILIC_114.0559_7.8",114.0559,40,1,"L-Proline","NA","NA","NA","T3D4411","(M-H)-","0.3213425","0.9999174","NA","NA","NA","0","0.9999174","t3db_ms1_database"
"nHILIC_130.0509_8.8",130.0509,0,1,"5-Aminolevulinic acid","NA","NA","NA","T3D4273","(M-H)-","0.1078975","0.9999907","NA","NA","NA","0","0.9999907","t3db_ms1_database"
"nHILIC_74.0246_9.6",74.0246,40,1,"Glycine","NA","NA","NA","T3D4318","(M-H)-","0.3210225","0.9999176","NA","NA","NA","0","0.9999176","t3db_ms1_database"
"nHILIC_104.0352_9.7",104.0352,40,1,"L-Serine","NA","NA","NA","T3D4367","(M-H)-","0.2327375","0.9999567","NA","NA","NA","0","0.9999567","t3db_ms1_database"
"nHILIC_147.0297_10.2",147.0297,70,1,"L-2-Hydroxyglutaric acid","NA","NA","NA","T3D4247","(M-H)-","0.433415","0.9998497","NA","NA","NA","0","0.9998497","t3db_ms1_database"
"nHILIC_471.1343_11.8",471.1343,11,1,"4-O-Methyl-a-D-glucosyl-(1->2)-b-D-xylosyl-(1->4)-D-xylose","10365-86-3","HMDB0039742","NA","HMDB0039742","(M-H)-","2.589975","0.994648","NA","NA","NA","0","0.994648","hmdbMS1Database0.0.1"
"nHILIC_239.0164_12.1",239.0164,90,1,"Methacrifos","NA","NA","NA","Methacrifos","(M-H)-","4","0.9872816","NA","NA","NA","0","0.9872816","list2_ms1_database"
"nHILIC_202.1197_13.3",202.1197,21,1,"Pebulate","NA","NA","NA","Pebulate","(M-H)-","18.5","0.7604842","NA","NA","NA","0","0.7604842","list2_ms1_database"
"nHILIC_96.96_11.1",96.96,69,1,"1,2-Dichloroethane","NA","NA","NA","T3D0085","(M-H)-","4.263855","0.9855609","NA","NA","NA","0","0.9855609","t3db_ms1_database"
"nHILIC_88.988_11",88.988,89,1,"Oxalic acid","NA","NA","NA","T3D0856","(M-H)-","0.02138","0.9999996","NA","NA","NA","0","0.9999996","t3db_ms1_database"
"nHILIC_168.0778_10.2",168.0778,80,1,"Diphenylamine","NA","NA","NA","Diphenylamine","(M-H)-","10","0.9231163","NA","NA","NA","0","0.9231163","list2_ms1_database"
"nHILIC_88.0403_8.9",88.0403,80,1,"L-Alanine","NA","NA","NA","T3D4320","(M-H)-","0.1961825","0.9999692","NA","NA","NA","0","0.9999692","t3db_ms1_database"
"nHILIC_105.0192_7.8",105.0192,50,1,"Glyceric acid","NA","NA","NA","T3D4330","(M-H)-","0.2717","0.9999409","NA","NA","NA","0","0.9999409","t3db_ms1_database"
"nHILIC_207.0511_7.7",207.0511,70,1,"Anthraquinone","NA","NA","NA","Anthraquinone","(M-H)-","15","0.8352702","NA","NA","NA","0","0.8352702","list2_ms1_database"
"nHILIC_269.0875_7.6",269.0875,90,1,"Nitenpyram","NA","NA","NA","Nitenpyram","(M-H)-","17","0.7935807","NA","NA","NA","0","0.7935807","list1_ms1_database"
"nHILIC_116.0716_7.3",116.0716,60,1,"L-Valine","NA","NA","NA","T3D4370","(M-H)-","0.1965025","0.9999691","NA","NA","NA","0","0.9999691","t3db_ms1_database"
"nHILIC_300.0394_7.2",300.0394,0,1,"N-Acetylgalactosamine 4-sulphate","45233-43-0","HMDB0000781","C16265","HMDB0000781","(M-H)-","0.1294325","0.9999866","NA","NA","NA","0","0.9999866","hmdbMS1Database0.0.1"
"nHILIC_160.0615_7.2",160.0615,0,1,"Aminoadipic acid","NA","NA","NA","T3D4259","(M-H)-","0.0196125","0.9999997","NA","NA","NA","0","0.9999997","t3db_ms1_database"
"nHILIC_528.2633_6.7",528.2633,82,1,"N-[(3a,5b,7b)-7-hydroxy-24-oxo-3-(sulfooxy)cholan-24-yl]-Glycine","133429-88-6","HMDB0002409","NA","HMDB0002409","(M-H)-","0.6399214","0.9996725","NA","NA","NA","0","0.9996725","hmdbMS1Database0.0.1"
"nHILIC_581.2411_5.9",581.2411,12,1,"Biliverdin","114-25-0","HMDB0001008","C00500","HMDB0001008","(M-H)-","0.9723487","0.9992439","NA","NA","NA","0","0.9992439","hmdbMS1Database0.0.1"
"nHILIC_89.0243_5.8",89.0243,90,1,"L-Lactic acid","NA","NA","NA","T3D4253","(M-H)-","0.235145","0.9999558","NA","NA","NA","0","0.9999558","t3db_ms1_database"
"nHILIC_504.3095_5.8",504.3095,43,1,"LysoPE(0:0/20:2(11Z,14Z))","NA","HMDB0011483","NA","HMDB0011483","(M-H)-","0.07814051","0.9999951","NA","NA","NA","0","0.9999951","hmdbMS1Database0.0.1"
"nHILIC_103.0399_5.4",103.0399,30,1,"4-Hydroxybutyric acid","NA","NA","NA","T3D4269","(M-H)-","0.360305","0.9998961","NA","NA","NA","0","0.9998961","t3db_ms1_database"
"nHILIC_700.5312_4.5",700.5312,5,1,"PE(16:0/P-18:1(11Z))","NA","HMDB0008951","NA","HMDB0008951","(M-H)-","3.653937","0.9893758","NA","NA","NA","0","0.9893758","hmdbMS1Database0.0.1"
"nHILIC_103.0036_4",103.0036,30,1,"Malonic acid","141-82-2","HMDB0000691","C04025","HMDB0000691","(M-H)-","0.14654","0.9999828","NA","NA","NA","0","0.9999828","hmdbMS1Database0.0.1"
"nHILIC_459.3476_1.8",459.3476,93,1,"13'-Carboxy-alpha-tocopherol","NA","HMDB0012555","NA","HMDB0012555","(M-H)-","0.7837725","0.9995087","NA","NA","NA","0","0.9995087","hmdbMS1Database0.0.1"
"nRPLC_365.2333_9.7",365.2333,52,1,"3b-Allotetrahydrocortisol","651-43-4","HMDB0000314","NA","HMDB0000314","(M-H)-","0.060495","0.9999971","NA","NA","NA","0","0.9999971","hmdbMS1Database0.0.1"
"nRPLC_263.1289_6.8",263.1289,31,1,"Trichothecolone","NA","NA","NA","T3D3719","(M-H)-","0.10218","0.9999916","NA","NA","NA","0","0.9999916","t3db_ms1_database"
"nRPLC_448.3067_8.6",448.3067,83,1,"Deoxycholic acid glycine conjugate","360-65-6","HMDB0000631","C05464 ","HMDB0000631","(M-H)-","0.275461","0.9999393","NA","NA","NA","0","0.9999393","hmdbMS1Database0.0.1"
"nRPLC_257.1759_8.8",257.1759,71,1,"Tetradecanedioic acid","821-38-5","HMDB0000872","NA","HMDB0000872","(M-H)-","0.2267","0.9999589","NA","NA","NA","0","0.9999589","hmdbMS1Database0.0.1"
"nRPLC_514.2838_9.6",514.2838,42,1,"Taurocholic acid","81-24-3","HMDB0000036","C05122","HMDB0000036","(M-H)-","1.115122","0.9990057","NA","NA","NA","0","0.9990057","hmdbMS1Database0.0.1"
"nRPLC_371.189_9.7",371.189,11,1,"Pyrethrum","NA","NA","NA","T3D0233","(M-H)-","6.564985","0.9661084","NA","NA","NA","0","0.9661084","t3db_ms1_database"
"nRPLC_301.2173_10.3",301.2173,12,1,"Methyltestosterone","NA","NA","NA","T3D4748","(M-H)-","0.04949","0.999998","NA","NA","NA","0","0.999998","t3db_ms1_database"
"nRPLC_473.3632_11.4",473.3632,33,1,"Diundecyl phthalate","NA","NA","NA","T3D3657","(M-H)-","0.8663284","0.9993998","NA","NA","NA","0","0.9993998","t3db_ms1_database"
"nRPLC_407.2804_9.2",407.2804,72,1,"Cholic acid","NA","NA","NA","T3D4343","(M-H)-","0.3084116","0.9999239","NA","NA","NA","0","0.9999239","t3db_ms1_database"
"nRPLC_333.2073_7.6",333.2073,32,1,"Diisohexyl phthalate","NA","NA","NA","T3D3647","(M-H)-","0.47638","0.9998185","NA","NA","NA","0","0.9998185","t3db_ms1_database"
"nRPLC_131.0714_1.6",131.0714,10,1,"2-Hydroxy-3-methylpentanoic acid","488-15-3","HMDB0000317","NA","HMDB0000317","(M-H)-","0.139375","0.9999845","NA","NA","NA","0","0.9999845","hmdbMS1Database0.0.1"
"nRPLC_153.0193_2.1",153.0193,30,1,"Protocatechuic acid","NA","NA","NA","Protocatechuic acid","(M-H)-","1","0.9992003","NA","NA","NA","0","0.9992003","list1_ms1_database"
"nRPLC_165.0556_2.3",165.0556,50,1,"Ethyl paraben","NA","NA","NA","Ethyl paraben","(M-H)-","0.25","0.99995","NA","NA","NA","0","0.99995","list1_ms1_database"
"nRPLC_187.007_2.3",187.007,70,1,"p-Cresol sulfate","NA","NA","NA","T3D4184","(M-H)-","0.073585","0.9999957","NA","NA","NA","0","0.9999957","t3db_ms1_database"
"nRPLC_283.0822_2.4",283.0822,30,1,"Psilocybin","NA","NA","NA","T3D2457","(M-H)-","7.733885","0.9532764","NA","NA","NA","0","0.9532764","t3db_ms1_database"
"nRPLC_165.0557_3.2",165.0557,50,1,"Ethyl paraben","NA","NA","NA","Ethyl paraben","(M-H)-","0","1","NA","NA","NA","0","1","list1_ms1_database"
"nRPLC_149.0607_4.6",149.0607,90,1,"Benzyl acetate","NA","NA","NA","T3D3214","(M-H)-","0.19891","0.9999683","NA","NA","NA","0","0.9999683","t3db_ms1_database"
"nRPLC_201.1133_5.9",201.1133,11,1,"Sebacic acid","NA","NA","NA","T3D4883","(M-H)-","0.22734","0.9999587","NA","NA","NA","0","0.9999587","t3db_ms1_database"
"nRPLC_541.2651_6.6",541.2651,12,1,"Cortolone-3-glucuronide","56162-46-0","HMDB0010320","NA","HMDB0010320","(M-H)-","0.576771","0.9997339","NA","NA","NA","0","0.9997339","hmdbMS1Database0.0.1"
"nRPLC_257.176_8.5",257.176,71,1,"Tetradecanedioic acid","821-38-5","HMDB0000872","NA","HMDB0000872","(M-H)-","0.4767","0.9998182","NA","NA","NA","0","0.9998182","hmdbMS1Database0.0.1"
"nRPLC_499.2911_8.7",499.2911,92,1,"Mupirocin","12650-69-0","HMDB0014554","C11758","HMDB0014554","(M-H)-","0.2663897","0.9999432","NA","NA","NA","0","0.9999432","hmdbMS1Database0.0.1"
"nRPLC_389.2699_8.8",389.2699,92,1,"Di-n-octylphthalate","NA","NA","NA","Di-n-octylphthalate","(M-H)-","0.5","0.9998","NA","NA","NA","0","0.9998","list2_ms1_database"
"nRPLC_367.1585_8.9",367.1585,71,1,"Dehydroepiandrosterone sulfate","NA","NA","NA","T3D4242","(M-H)-","0.13826","0.9999847","NA","NA","NA","0","0.9999847","t3db_ms1_database"
"nRPLC_567.3173_8.9",567.3173,73,1,"(3a,5b,7a)-23-Carboxy-7-hydroxy-24-norcholan-3-yl-b-D-Glucopyranosiduronic acid","58814-71-4","HMDB0002430","NA","HMDB0002430","(M-H)-","0.2604468","0.9999457","NA","NA","NA","0","0.9999457","hmdbMS1Database0.0.1"
"nRPLC_281.1394_9",281.1394,11,1,"Octyl gallate","NA","NA","NA","T3D4831","(M-H)-","0.059535","0.9999972","NA","NA","NA","0","0.9999972","t3db_ms1_database"
"nRPLC_377.2698_9.2",377.2698,72,1,"2-Arachidonylglycerol","53847-30-6","HMDB0004666","C13856","HMDB0004666","(M-H)-","0.22574","0.9999592","NA","NA","NA","0","0.9999592","hmdbMS1Database0.0.1"
"nRPLC_389.27_9.4",389.27,92,1,"Di-n-octylphthalate","NA","NA","NA","Di-n-octylphthalate","(M-H)-","0.75","0.9995501","NA","NA","NA","0","0.9995501","list2_ms1_database"
"nRPLC_211.1704_9.4",211.1704,11,1,"10-Undecenyl acetate","112-19-6","HMDB0031017","NA","HMDB0031017","(M-H)-","0.17497","0.9999755","NA","NA","NA","0","0.9999755","hmdbMS1Database0.0.1"
"nRPLC_271.2279_9.6",271.2279,12,1,"16-Hydroxypalmitic acid","NA","NA","NA","1631","(M-H)-","0.137775","0.9999848","NA","NA","NA","0","0.9999848","specific_biomarker_ms1_database"
"nRPLC_567.3171_9.6",567.3171,73,1,"(3a,5b,7a)-23-Carboxy-7-hydroxy-24-norcholan-3-yl-b-D-Glucopyranosiduronic acid","58814-71-4","HMDB0002430","NA","HMDB0002430","(M-H)-","0.6129835","0.9996994","NA","NA","NA","0","0.9996994","hmdbMS1Database0.0.1"
"nRPLC_284.2232_9.8",284.2232,42,1,"Myristoylglycine","NA","HMDB0013250","NA","HMDB0013250","(M-H)-","0.2653425","0.9999437","NA","NA","NA","0","0.9999437","hmdbMS1Database0.0.1"
"nRPLC_225.186_9.8",225.186,51,1,"trans-9-Tetradecenoic acid (trans-14:1n-5)","NA","NA","NA","471","(M-H)-","0.0498075","0.999998","NA","NA","NA","0","0.999998","specific_biomarker_ms1_database"
"nRPLC_313.2385_9.9",313.2385,32,1,"Dibutyl decanedioate","NA","NA","NA","T3D4842","(M-H)-","0.22606","0.9999591","NA","NA","NA","0","0.9999591","t3db_ms1_database"
"nRPLC_225.186_10",225.186,51,1,"trans-9-Tetradecenoic acid (trans-14:1n-5)","NA","NA","NA","471","(M-H)-","0.0498075","0.999998","NA","NA","NA","0","0.999998","specific_biomarker_ms1_database"
"nRPLC_299.2591_10.2",299.2591,92,1,"(R)-3-Hydroxy-Octadecanoic acid","NA","HMDB0010737","NA","HMDB0010737","(M-H)-","0.112545","0.9999899","NA","NA","NA","0","0.9999899","hmdbMS1Database0.0.1"
"nRPLC_313.2385_10.3",313.2385,32,1,"Dibutyl decanedioate","NA","NA","NA","T3D4842","(M-H)-","0.22606","0.9999591","NA","NA","NA","0","0.9999591","t3db_ms1_database"
"nRPLC_389.2702_10.4",389.2702,92,1,"Di-n-octylphthalate","NA","NA","NA","Di-n-octylphthalate","(M-H)-","1.25","0.9987508","NA","NA","NA","0","0.9987508","list2_ms1_database"
"nRPLC_377.2696_10.5",377.2696,72,1,"2-Arachidonylglycerol","53847-30-6","HMDB0004666","C13856","HMDB0004666","(M-H)-","0.27426","0.9999398","NA","NA","NA","0","0.9999398","hmdbMS1Database0.0.1"
"nRPLC_241.2174_10.5",241.2174,12,1,"Pentadecylic acid (15:0)","NA","NA","NA","263","(M-H)-","0.29949","0.9999282","NA","NA","NA","0","0.9999282","specific_biomarker_ms1_database"
"nRPLC_667.5325_10.5",667.5325,75,1,"DG(18:0/0:0/22:6n3)","NA","HMDB0056061","NA","HMDB0056061","(M-H)-","2.733323","0.994041","NA","NA","NA","0","0.994041","hmdbMS1Database0.0.1"
"nRPLC_299.2591_10.6",299.2591,92,1,"(R)-3-Hydroxy-Octadecanoic acid","NA","HMDB0010737","NA","HMDB0010737","(M-H)-","0.112545","0.9999899","NA","NA","NA","0","0.9999899","hmdbMS1Database0.0.1"
"nRPLC_512.2683_10.8",512.2683,22,1,"Sulfolithocholylglycine","15324-64-8","HMDB0002639","C11301","HMDB0002639","(M-H)-","0.8265688","0.9994536","NA","NA","NA","0","0.9994536","hmdbMS1Database0.0.1"
"nRPLC_463.3428_11",463.3428,33,1,"Trihydroxycoprostanoic acid","863-39-8","HMDB0002163","NA","HMDB0002163","(M-H)-","0.1611032","0.9999792","NA","NA","NA","0","0.9999792","hmdbMS1Database0.0.1"
"nRPLC_445.3323_11",445.3323,53,1,"Diisodecyl phthalate","NA","NA","NA","T3D3645","(M-H)-","0.02236532","0.9999996","NA","NA","NA","0","0.9999996","t3db_ms1_database"
"nRPLC_295.2642_11.1",295.2642,52,1,"cis-10-Nonadecenoic acid (19:1n9)","NA","NA","NA","1694","(M-H)-","0.07599","0.9999954","NA","NA","NA","0","0.9999954","specific_biomarker_ms1_database"
"nRPLC_399.3268_11.1",399.3268,93,1,"Calcidiol","NA","NA","NA","T3D2694","(M-H)-","0.07663","0.9999953","NA","NA","NA","0","0.9999953","t3db_ms1_database"
"nRPLC_445.3324_11.2",445.3324,53,1,"Diisodecyl phthalate","NA","NA","NA","T3D3645","(M-H)-","0.2021861","0.9999673","NA","NA","NA","0","0.9999673","t3db_ms1_database"
"nRPLC_619.2888_11.3",619.2888,92,1,"1-arachidonoyl-sn-glycero-3-phospho-1D-myo-inositol","NA","HMDB0062722","NA","HMDB0062722","(M-H)-","0.1033702","0.9999915","NA","NA","NA","0","0.9999915","hmdbMS1Database0.0.1"
"nRPLC_435.3481_11.3",435.3481,53,1,"5beta-Cholestane-3alpha,7alpha,12alpha,25-tetrol","18866-87-0","HMDB0000524","NA","HMDB0000524","(M-H)-","0.321522","0.9999173","NA","NA","NA","0","0.9999173","hmdbMS1Database0.0.1"
"nRPLC_441.3947_11.3",441.3947,13,1,"MG(0:0/24:0/0:0)","NA","HMDB0011558","NA","HMDB0011558","(M-H)-","0.476254","0.9998186","NA","NA","NA","0","0.9998186","hmdbMS1Database0.0.1"
"nRPLC_447.3483_11.4",447.3483,73,1,"6-Deoxodolichosterone","87833-55-4","HMDB0034332","NA","HMDB0034332","(M-H)-","0.7599805","0.9995381","NA","NA","NA","0","0.9995381","hmdbMS1Database0.0.1"
"nRPLC_445.3324_11.4",445.3324,53,1,"Diisodecyl phthalate","NA","NA","NA","T3D3645","(M-H)-","0.2021861","0.9999673","NA","NA","NA","0","0.9999673","t3db_ms1_database"
"nRPLC_311.2957_11.4",311.2957,12,1,"Phytanic acid","NA","NA","NA","T3D4454","(M-H)-","0.42369","0.9998564","NA","NA","NA","0","0.9998564","t3db_ms1_database"
"nRPLC_397.3686_11.5",397.3686,73,1,"2-Hydroxy-22-methyltetracosanoic acid","52900-16-0","HMDB0040909","NA","HMDB0040909","(M-H)-","0.238665","0.9999544","NA","NA","NA","0","0.9999544","hmdbMS1Database0.0.1"
"nRPLC_335.2957_11.7",335.2957,52,1,"13,16-Docosadienoic acid (cis-22:2n-6)","NA","NA","NA","771","(M-H)-","0.42369","0.9998564","NA","NA","NA","0","0.9998564","specific_biomarker_ms1_database"
"nRPLC_297.2799_11.7",297.2799,72,1,"Pristanic acid","NA","NA","NA","1800","(M-H)-","0.04884","0.9999981","NA","NA","NA","0","0.9999981","specific_biomarker_ms1_database"
"nRPLC_441.395_11.2",441.395,13,1,"MG(0:0/i-24:0/0:0)","NA","HMDB0072872","NA","HMDB0072872","(M-H)-","0.2034028","0.9999669","NA","NA","NA","0","0.9999669","hmdbMS1Database0.0.1"
"nRPLC_297.2797_11.2",297.2797,72,1,"Pristanic acid","NA","NA","NA","1800","(M-H)-","0.45116","0.9998372","NA","NA","NA","0","0.9998372","specific_biomarker_ms1_database"
"nRPLC_439.3792_11.1",439.3792,93,1,"MG(0:0/24:1(15Z)/0:0)","NA","HMDB0011559","NA","HMDB0011559","(M-H)-","0.1369022","0.999985","NA","NA","NA","0","0.999985","hmdbMS1Database0.0.1"
"nRPLC_269.2487_11",269.2487,92,1,"Margaric acid (17:0)","NA","NA","NA","264","(M-H)-","0.29917","0.9999284","NA","NA","NA","0","0.9999284","specific_biomarker_ms1_database"
"nRPLC_723.5955_11",723.5955,35,1,"DG(22:0/0:0/22:6n3)","NA","HMDB0056110","NA","HMDB0056110","(M-H)-","3.073988","0.992469","NA","NA","NA","0","0.992469","hmdbMS1Database0.0.1"
"nRPLC_331.2644_10.9",331.2644,12,1,"Docosatetraenoic acid (cis-22:4n-3)","NA","NA","NA","589","(M-H)-","0.4240025","0.9998562","NA","NA","NA","0","0.9998562","specific_biomarker_ms1_database"
"nRPLC_439.3427_10.9",439.3427,93,1,"Momordol","189156-42-1","HMDB0029804","NA","HMDB0029804","(M-H)-","0.3975166","0.9998736","NA","NA","NA","0","0.9998736","hmdbMS1Database0.0.1"
"nRPLC_385.332_10.8",385.332,53,1,"DG(18:0e/2:0/0:0)","NA","HMDB0011147","C03820","HMDB0011147","(M-H)-","0.7749","0.9995197","NA","NA","NA","0","0.9995197","hmdbMS1Database0.0.1"
"nRPLC_507.3686_10.6",507.3686,73,1,"Fasciculol C","65694-19-1","HMDB0035853","NA","HMDB0035853","(M-H)-","0.9645768","0.999256","NA","NA","NA","0","0.999256","hmdbMS1Database0.0.1"
"nRPLC_508.3404_10.6",508.3404,83,1,"LysoPE(0:0/20:0)","NA","HMDB0011481","NA","HMDB0011481","(M-H)-","0.864647","0.9994021","NA","NA","NA","0","0.9994021","hmdbMS1Database0.0.1"
"nRPLC_609.5098_10.5",609.5098,95,1,"Glycerol 1,3-didodecanoate 2-decanoate","60138-22-9","HMDB0033753","NA","HMDB0033753","(M-H)-","0.2296468","0.9999578","NA","NA","NA","0","0.9999578","hmdbMS1Database0.0.1"
"nRPLC_433.3323_10.5",433.3323,33,1,"3a,7a,12a-Trihydroxy-5b-cholestan-26-al","3836-01-9","HMDB0003533","C01301","HMDB0003533","(M-H)-","0.02298467","0.9999996","NA","NA","NA","0","0.9999996","hmdbMS1Database0.0.1"
"nRPLC_323.2592_10.4",323.2592,32,1,"(Z)-15-Oxo-11-eicosenoic acid","182145-55-7","HMDB0029797","NA","HMDB0029797","(M-H)-","0.137455","0.9999849","NA","NA","NA","0","0.9999849","hmdbMS1Database0.0.1"
"nRPLC_511.3039_10.3",511.3039,13,1,"1-Stearoylglycerophosphoglycerol","NA","HMDB0061697","NA","HMDB0061697","(M-H)-","0.4296427","0.9998523","NA","NA","NA","0","0.9998523","hmdbMS1Database0.0.1"
"nRPLC_351.254_10.3",351.254,12,1,"MG(0:0/18:3(6Z,9Z,12Z)/0:0)","NA","HMDB0011539","NA","HMDB0011539","(M-H)-","0.1491","0.9999822","NA","NA","NA","0","0.9999822","hmdbMS1Database0.0.1"
"nRPLC_271.228_10.3",271.228,12,1,"16-Hydroxypalmitic acid","NA","NA","NA","1631","(M-H)-","0.387775","0.9998797","NA","NA","NA","0","0.9998797","specific_biomarker_ms1_database"
"nRPLC_227.2017_10.2",227.2017,72,1,"Myristic acid","NA","NA","NA","T3D4599","(M-H)-","0.17465","0.9999756","NA","NA","NA","0","0.9999756","t3db_ms1_database"
"nRPLC_297.2436_10",297.2436,72,1,"3-Oxooctadecanoic acid","NA","HMDB0010736","NA","HMDB0010736","(M-H)-","0.262615","0.9999448","NA","NA","NA","0","0.9999448","hmdbMS1Database0.0.1"
"nRPLC_526.2939_9.9",526.2939,62,1,"LysoPE(0:0/22:5(4Z,7Z,10Z,13Z,16Z))","NA","HMDB0011494","NA","HMDB0011494","(M-H)-","0.02024914","0.9999997","NA","NA","NA","0","0.9999997","hmdbMS1Database0.0.1"
"nRPLC_257.2122_9.9",257.2122,72,1,"10-Hydroxymyristic acid methyl ester","NA","HMDB0031061","NA","HMDB0031061","(M-H)-","0.012935","0.9999999","NA","NA","NA","0","0.9999999","hmdbMS1Database0.0.1"
"nRPLC_199.1704_9.5",199.1704,91,1,"Dodecanoic acid","NA","NA","NA","T3D4596","(M-H)-","0.17497","0.9999755","NA","NA","NA","0","0.9999755","t3db_ms1_database"
"nRPLC_450.2624_9.5",450.2624,2,1,"LysoPE(0:0/16:1(9Z))","NA","HMDB0011474","NA","HMDB0011474","(M-H)-","0.4202327","0.9998587","NA","NA","NA","0","0.9998587","hmdbMS1Database0.0.1"
"nRPLC_567.3177_9.2",567.3177,73,1,"(3a,5b,7a)-23-Carboxy-7-hydroxy-24-norcholan-3-yl-b-D-Glucopyranosiduronic acid","58814-71-4","HMDB0002430","NA","HMDB0002430","(M-H)-","0.4446256","0.9998419","NA","NA","NA","0","0.9998419","hmdbMS1Database0.0.1"
"nRPLC_197.1547_9.1",197.1547,71,1,"5Z-Dodecenoic acid","2430-94-6","HMDB0000529","NA","HMDB0000529","(M-H)-","0.05013","0.999998","NA","NA","NA","0","0.999998","hmdbMS1Database0.0.1"
"nRPLC_313.2386_9.1",313.2386,32,1,"Dibutyl decanedioate","NA","NA","NA","T3D4842","(M-H)-","0.47606","0.9998187","NA","NA","NA","0","0.9998187","t3db_ms1_database"
"nRPLC_371.1887_9.1",371.1887,11,1,"Pyrethrum","NA","NA","NA","T3D0233","(M-H)-","5.814985","0.9733114","NA","NA","NA","0","0.9733114","t3db_ms1_database"
"nRPLC_507.2231_9",507.2231,72,1,"Acetyl-T2 Toxin","21259-21-2","HMDB0033164","NA","HMDB0033164","(M-H)-","0.8820024","0.9993779","NA","NA","NA","0","0.9993779","hmdbMS1Database0.0.1"
"nRPLC_197.1547_9",197.1547,71,1,"5Z-Dodecenoic acid","2430-94-6","HMDB0000529","NA","HMDB0000529","(M-H)-","0.05013","0.999998","NA","NA","NA","0","0.999998","hmdbMS1Database0.0.1"
"nRPLC_514.2853_8.8",514.2853,42,1,"Taurocholic acid","81-24-3","HMDB0000036","C05122","HMDB0000036","(M-H)-","1.801551","0.9974069","NA","NA","NA","0","0.9974069","hmdbMS1Database0.0.1"
"nRPLC_464.3015_8.8",464.3015,43,1,"Perfluorononanoic acid (PFNA)","NA","NA","NA","Perfluorononanoic acid (PFNA)","(M-H)-","19.06306","0.747725","NA","NA","NA","0","0.747725","select_exposome_ms1_database"
"nRPLC_367.1582_8.7",367.1582,71,1,"Dehydroepiandrosterone sulfate","NA","NA","NA","T3D4242","(M-H)-","0.61174","0.9997007","NA","NA","NA","0","0.9997007","t3db_ms1_database"
"nRPLC_183.139_8.5",183.139,31,1,"Undecylenic acid","NA","NA","NA","T3D4847","(M-H)-","0.07471","0.9999955","NA","NA","NA","0","0.9999955","t3db_ms1_database"
"nRPLC_199.1703_7.7",199.1703,91,1,"Dodecanoic acid","NA","NA","NA","T3D4596","(M-H)-","0.07503","0.9999955","NA","NA","NA","0","0.9999955","t3db_ms1_database"
"nRPLC_163.0765_7.4",163.0765,30,1,"Carbofuran phenol","NA","NA","NA","Carbofuran phenol","(M-H)-","0.5","0.9998","NA","NA","NA","0","0.9998","list1_ms1_database"
"nRPLC_541.2652_7.4",541.2652,12,1,"Cortolone-3-glucuronide","56162-46-0","HMDB0010320","NA","HMDB0010320","(M-H)-","0.3920186","0.9998771","NA","NA","NA","0","0.9998771","hmdbMS1Database0.0.1"
"nRPLC_165.092_7.2",165.092,50,1,"Cyromazine","NA","NA","NA","Cyromazine","(M-H)-","5.75","0.9738967","NA","NA","NA","0","0.9738967","list1_ms1_database"
"nRPLC_481.244_7.1",481.244,12,1,"11-beta-Hydroxyandrosterone-3-glucuronide","NA","HMDB0010351","NA","HMDB0010351","(M-H)-","0.5876728","0.9997238","NA","NA","NA","0","0.9997238","hmdbMS1Database0.0.1"
"nRPLC_541.2651_7",541.2651,12,1,"Cortolone-3-glucuronide","56162-46-0","HMDB0010320","NA","HMDB0010320","(M-H)-","0.576771","0.9997339","NA","NA","NA","0","0.9997339","hmdbMS1Database0.0.1"
"nRPLC_165.092_7",165.092,50,1,"Cyromazine","NA","NA","NA","Cyromazine","(M-H)-","5.75","0.9738967","NA","NA","NA","0","0.9738967","list1_ms1_database"
"nRPLC_577.255_7",577.255,72,1,"Deserpidine","131-01-1","HMDB0015221","C06541","HMDB0015221","(M-H)-","0.8942356","0.9993605","NA","NA","NA","0","0.9993605","hmdbMS1Database0.0.1"
"nRPLC_541.2652_6.8",541.2652,12,1,"Cortolone-3-glucuronide","56162-46-0","HMDB0010320","NA","HMDB0010320","(M-H)-","0.3920186","0.9998771","NA","NA","NA","0","0.9998771","hmdbMS1Database0.0.1"
"nRPLC_201.1133_6.3",201.1133,11,1,"Sebacic acid","NA","NA","NA","T3D4883","(M-H)-","0.22734","0.9999587","NA","NA","NA","0","0.9999587","t3db_ms1_database"
"nRPLC_495.2235_6.2",495.2235,52,1,"Glaucarubin","1448-23-3","HMDB0035626","C08760","HMDB0035626","(M-H)-","0.09565782","0.9999927","NA","NA","NA","0","0.9999927","hmdbMS1Database0.0.1"
"nRPLC_187.0976_5.4",187.0976,70,1,"Azelaic Acid","NA","NA","NA","T3D4799","(M-H)-","0.1025","0.9999916","NA","NA","NA","0","0.9999916","t3db_ms1_database"
"nRPLC_188.0352_3.1",188.0352,80,1,"Tricyclazole","NA","NA","NA","Tricyclazole","(M-H)-","16.25","0.8095716","NA","NA","NA","0","0.8095716","list1_ms1_database"
"nRPLC_151.04_2.3",151.04,10,1,"Methyl paraben","NA","NA","NA","Methyl paraben","(M-H)-","0.75","0.9995501","NA","NA","NA","0","0.9995501","list1_ms1_database"
"nHILIC_303.2327_1",303.2327,32,1,"C20:4 FA","506-32-1","HMDB01043","C00219","HILIC_578","(M-H)-","1.3125","0.9986228","28","0.6469052","NA","0","0.822764","msDatabase_hilic0.0.2"
"nHILIC_277.2171_1",277.2171,72,1,"C18:3 FA","463-40-1","HMDB03073","C06426","HILIC_577","(M-H)-","1.3125","0.9986228","12","0.9231163","NA","0","0.9608696","msDatabase_hilic0.0.2"
"nHILIC_327.2328_1",327.2328,72,1,"C22:6 FA","6217-54-5","HMDB02183","C06429","HILIC_579","(M-H)-","1.3125","0.9986228","12","0.9231163","NA","0","0.9608696","msDatabase_hilic0.0.2"
"nHILIC_167.0349_1.3",167.0349,70,1,"5-Methoxysalicylic acid","NA","NA","HMDB01868","HILIC_835","(M-H)-","1.0625","0.9990973","8","0.9650691","NA","0","0.9820832","msDatabase_hilic0.0.2"
"nHILIC_188.0023_1.6",188.0023,80,1,"2-Aminophenol sulfate","NA","NA","HMDB61116","HILIC_838","(M-H)-","1.0625","0.9990973","22","0.7642282","NA","0","0.8816627","msDatabase_hilic0.0.2"
"nHILIC_197.0678_4.1",197.0678,70,1,"5-Acetylamino-6-amino-3-methyluracil","NA","HMDB04400","C16366","HILIC_623","(M-H)-","1.5625","0.9980488","14","0.8968301","NA","0","0.9474394","msDatabase_hilic0.0.2"
"nHILIC_287.052_8.1",287.052,70,1,"5,7,3,4'-Tetrahydroxyflavanone","NA","NA","NA","HILIC_32","(M-H)-","10.25","0.9193853","11.2","0.9326839","NA","0","0.9260346","msDatabase_hilic0.0.2"
"nHILIC_149.0455_8.2",149.0455,90,1,"1-Methylhypoxanthine","NA","NA","NA","HILIC_8","(M-H)-","3.5","0.9902479","15","0.8824969","NA","0","0.9363724","msDatabase_hilic0.0.2"
"nHILIC_149.0455_7.6",149.0455,90,1,"1-Methylhypoxanthine","NA","NA","NA","HILIC_8","(M-H)-","3.5","0.9902479","15","0.8824969","NA","0","0.9363724","msDatabase_hilic0.0.2"
"nHILIC_129.0192_7.6",129.0192,90,1,"Itaconate","NA","NA","NA","HILIC_316","(M-H)-","0.275","0.9999395","27","0.6669768","NA","0","0.8334582","msDatabase_hilic0.0.2"
"nHILIC_149.0455_5.6",149.0455,90,1,"1-Methylhypoxanthine","NA","NA","NA","HILIC_8","(M-H)-","3.5","0.9902479","15","0.8824969","NA","0","0.9363724","msDatabase_hilic0.0.2"
"nHILIC_257.0777_2.2",257.0777,70,1,"3-O-Methyluridine","NA","NA","NA","HILIC_29","(M-H)-","0.5","0.9998","5","0.9862071","NA","0","0.9930036","msDatabase_hilic0.0.2"
"nHILIC_197.0679_1.4",197.0679,70,1,"5-Acetylamino-6-amino-3-methyluracil","NA","HMDB04400","C16366","HILIC_623","(M-H)-","1.3125","0.9986228","14","0.8968301","NA","0","0.9477264","msDatabase_hilic0.0.2"
"nHILIC_204.9811_1.1",204.9811,49,1,"1,2,3-benzenetriol sulfate","NA","NA","NA","HILIC_632","(M-H)-","1.3125","0.9986228","17","0.8516705","NA","0","0.9251467","msDatabase_hilic0.0.2"
"nHILIC_137.0243_1",137.0243,70,1,"4-Hydroxybenzoate","NA","NA","NA","HILIC_289","(M-H)-","0.25","0.99995","13","0.9103839","NA","0","0.955167","msDatabase_hilic0.0.2"
"nRPLC_172.9914_0.9",172.9914,29,1,"Phenol sulphate","NA","HMDB60015","C00850","RPLC_742","(M-H)-","0.8125","0.999472","19","0.818276","NA","0","0.908874","msDatabase_rplc0.0.2"
"nRPLC_129.0558_1",129.0558,90,1,"3-Methyl-2-oxovaleric acid","NA","HMDB03736","C00671","RPLC_466","(M-H)-","1.3125","0.9986228","27.10318","0.6649116","NA","0","0.8317672","msDatabase_rplc0.0.2"
"nRPLC_117.0557_0.6",117.0557,70,1,"L-a-Hydroxyisovaleric acid","NA","HMDB00407","NA","RPLC_737","(M-H)-","1.5625","0.9980488","28","0.6469052","NA","0","0.822477","msDatabase_rplc0.0.2"
