"from","to","Correlation","p_value","fdr","from_class","from_name","to_class","to_name","from_num","to_num"
"NM1254","IL17A",0.974679434480896,0.00481823046819854,2.31711243043294,"Exposome (chemical)","Salicylic acid","Cytokine","IL17A",3,11
"NM1254","GROA",0.974679434480896,0.00481823046819854,2.31711243043294,"Exposome (chemical)","Salicylic acid","Cytokine","GROA",3,4
"NM1254","MCP3",0.974679434480896,0.00481823046819854,2.31711243043294,"Exposome (chemical)","Salicylic acid","Cytokine","MCP3",3,11
"NM1446","IL17A",-1,0.0166666666666667,1.77815125038364,"Exposome (chemical)","Trimethyl Phosphate","Cytokine","IL17A",2,11
"NM1446","MCP3",-1,0.0166666666666667,1.77815125038364,"Exposome (chemical)","Trimethyl Phosphate","Cytokine","MCP3",2,11
"NM1550","IL6",1,0.0166666666666667,1.77815125038364,"Exposome (chemical)","4-Chloro-o-toluidine","Cytokine","IL6",5,8
"NM1550","NGF",1,0.0166666666666667,1.77815125038364,"Exposome (chemical)","4-Chloro-o-toluidine","Cytokine","NGF",5,8
"NM1550","IL12P40",1,0.0166666666666667,1.77815125038364,"Exposome (chemical)","4-Chloro-o-toluidine","Cytokine","IL12P40",5,8
"NM1550","IL15",1,0.0166666666666667,1.77815125038364,"Exposome (chemical)","4-Chloro-o-toluidine","Cytokine","IL15",5,8
"NM1550","ICAM1",1,0.0166666666666667,1.77815125038364,"Exposome (chemical)","4-Chloro-o-toluidine","Cytokine","ICAM1",5,8
"NM2680","IL17A",-1,0.0166666666666667,1.77815125038364,"Exposome (chemical)","Tetrachloroethylene","Cytokine","IL17A",2,11
"NM2680","MCP3",-1,0.0166666666666667,1.77815125038364,"Exposome (chemical)","Tetrachloroethylene","Cytokine","MCP3",2,11
"NM3057","FASL",1,0.0166666666666667,1.77815125038364,"Exposome (chemical)","Acephate","Cytokine","FASL",10,8
"NM3057","IL27",1,0.0166666666666667,1.77815125038364,"Exposome (chemical)","Acephate","Cytokine","IL27",10,8
"NM3057","IL4",1,0.0166666666666667,1.77815125038364,"Exposome (chemical)","Acephate","Cytokine","IL4",10,8
"NM3057","IL5",1,0.0166666666666667,1.77815125038364,"Exposome (chemical)","Acephate","Cytokine","IL5",10,8
"NM3057","IL7",1,0.0166666666666667,1.77815125038364,"Exposome (chemical)","Acephate","Cytokine","IL7",10,8
"NM3057","IFNB",1,0.0166666666666667,1.77815125038364,"Exposome (chemical)","Acephate","Cytokine","IFNB",10,8
"NM3057","IL13",1,0.0166666666666667,1.77815125038364,"Exposome (chemical)","Acephate","Cytokine","IL13",10,8
"NM3057","IL31",1,0.0166666666666667,1.77815125038364,"Exposome (chemical)","Acephate","Cytokine","IL31",10,8
"NM3057","IFNG",1,0.0166666666666667,1.77815125038364,"Exposome (chemical)","Acephate","Cytokine","IFNG",10,8
"NM3057","GCSF",1,0.0166666666666667,1.77815125038364,"Exposome (chemical)","Acephate","Cytokine","GCSF",10,8
"NM4337","IL17A",1,0.0166666666666667,1.77815125038364,"Exposome (chemical)","Zeranol","Cytokine","IL17A",2,11
"NM4337","MCP3",1,0.0166666666666667,1.77815125038364,"Exposome (chemical)","Zeranol","Cytokine","MCP3",2,11
"PM1171","IL23",1,0.0166666666666667,1.77815125038364,"Exposome (chemical)","Triethyl phosphate","Cytokine","IL23",1,21
"PM1880","IL6",1,0.0166666666666667,1.77815125038364,"Exposome (chemical)","p-Hydroxy-meta-chlorophenylpiperazine","Cytokine","IL6",5,8
"PM1880","NGF",1,0.0166666666666667,1.77815125038364,"Exposome (chemical)","p-Hydroxy-meta-chlorophenylpiperazine","Cytokine","NGF",5,8
"PM1880","IL12P40",1,0.0166666666666667,1.77815125038364,"Exposome (chemical)","p-Hydroxy-meta-chlorophenylpiperazine","Cytokine","IL12P40",5,8
"PM1880","IL15",1,0.0166666666666667,1.77815125038364,"Exposome (chemical)","p-Hydroxy-meta-chlorophenylpiperazine","Cytokine","IL15",5,8
"PM1880","ICAM1",1,0.0166666666666667,1.77815125038364,"Exposome (chemical)","p-Hydroxy-meta-chlorophenylpiperazine","Cytokine","ICAM1",5,8
"PM1935","IL17A",1,0.0166666666666667,1.77815125038364,"Exposome (chemical)","Pymetrozin","Cytokine","IL17A",2,11
"PM1935","MCP3",1,0.0166666666666667,1.77815125038364,"Exposome (chemical)","Pymetrozin","Cytokine","MCP3",2,11
"PM2296","EGF",1,0.0166666666666667,1.77815125038364,"Exposome (chemical)","Cyproconazole","Cytokine","EGF",2,6
"PM2296","CD40L",1,0.0166666666666667,1.77815125038364,"Exposome (chemical)","Cyproconazole","Cytokine","CD40L",2,6
"PM2342","LIF",1,0.0166666666666667,1.77815125038364,"Exposome (chemical)","Butylated triphenyl phosphate","Cytokine","LIF",1,7
"PM2541","IP10",-1,0.0166666666666667,1.77815125038364,"Exposome (chemical)","Amoxicillin","Cytokine","IP10",2,4
"PM2541","IL21",-1,0.0166666666666667,1.77815125038364,"Exposome (chemical)","Amoxicillin","Cytokine","IL21",2,4
"PM2549","IL1B",1,0.0166666666666667,1.77815125038364,"Exposome (chemical)","Tricresyl phosphate","Cytokine","IL1B",1,6
"genus_Aegilops","IL17F",0.974679434480896,0.00481823046819854,2.31711243043294,"Exposome (biological)","Aegilops","Cytokine","IL17F",9,3
"genus_Aegilops","IL12P70",0.974679434480896,0.00481823046819854,2.31711243043294,"Exposome (biological)","Aegilops","Cytokine","IL12P70",9,3
"genus_Aegilops","IL9",0.974679434480896,0.00481823046819854,2.31711243043294,"Exposome (biological)","Aegilops","Cytokine","IL9",9,3
"genus_Aegilops","VEGFD",0.974679434480896,0.00481823046819854,2.31711243043294,"Exposome (biological)","Aegilops","Cytokine","VEGFD",9,3
"genus_Aegilops","TNFB",0.974679434480896,0.00481823046819854,2.31711243043294,"Exposome (biological)","Aegilops","Cytokine","TNFB",9,3
"genus_Aegilops","IL22",0.974679434480896,0.00481823046819854,2.31711243043294,"Exposome (biological)","Aegilops","Cytokine","IL22",9,3
"genus_Aegilops","PDGFBB",0.974679434480896,0.00481823046819854,2.31711243043294,"Exposome (biological)","Aegilops","Cytokine","PDGFBB",9,3
"genus_Aegilops","VEGF",0.974679434480896,0.00481823046819854,2.31711243043294,"Exposome (biological)","Aegilops","Cytokine","VEGF",9,3
"genus_Aegilops","LEPTIN",0.974679434480896,0.00481823046819854,2.31711243043294,"Exposome (biological)","Aegilops","Cytokine","LEPTIN",9,3
"genus_Alternaria","SCF",0.974679434480896,0.00481823046819854,2.31711243043294,"Exposome (biological)","Alternaria","Cytokine","SCF",2,7
"genus_Alternaria","PAI1",0.974679434480896,0.00481823046819854,2.31711243043294,"Exposome (biological)","Alternaria","Cytokine","PAI1",2,7
"genus_Anoxybacillus","IL2",0.974679434480896,0.00481823046819854,2.31711243043294,"Exposome (biological)","Anoxybacillus","Cytokine","IL2",2,15
"genus_Anoxybacillus","MCP1",-0.974679434480896,0.00481823046819854,2.31711243043294,"Exposome (biological)","Anoxybacillus","Cytokine","MCP1",2,15
"genus_Arabis","SDF1A",0.974679434480896,0.00481823046819854,2.31711243043294,"Exposome (biological)","Arabis","Cytokine","SDF1A",3,4
"genus_Arabis","IL1A",0.974679434480896,0.00481823046819854,2.31711243043294,"Exposome (biological)","Arabis","Cytokine","IL1A",3,4
"genus_Arabis","RESISTIN",0.974679434480896,0.00481823046819854,2.31711243043294,"Exposome (biological)","Arabis","Cytokine","RESISTIN",3,4
"genus_Armillaria","BDNF",-0.974679434480896,0.00481823046819854,2.31711243043294,"Exposome (biological)","Armillaria","Cytokine","BDNF",1,4
"genus_Aureobasidium","TGFA",-1,0.0166666666666667,1.77815125038364,"Exposome (biological)","Aureobasidium","Cytokine","TGFA",1,3
"genus_Auricularia","IL23",0.974679434480896,0.00481823046819854,2.31711243043294,"Exposome (biological)","Auricularia","Cytokine","IL23",1,21
"genus_Bacillus","IL23",1,0.0166666666666667,1.77815125038364,"Exposome (biological)","Bacillus","Cytokine","IL23",1,21
"genus_Baeospora","HGF",1,0.0166666666666667,1.77815125038364,"Exposome (biological)","Baeospora","Cytokine","HGF",2,3
"genus_Baeospora","IFNA",-1,0.0166666666666667,1.77815125038364,"Exposome (biological)","Baeospora","Cytokine","IFNA",2,3
"genus_Botrytis","IL2",0.974679434480896,0.00481823046819854,2.31711243043294,"Exposome (biological)","Botrytis","Cytokine","IL2",2,15
"genus_Botrytis","MCP1",-0.974679434480896,0.00481823046819854,2.31711243043294,"Exposome (biological)","Botrytis","Cytokine","MCP1",2,15
"genus_Byssochlamys","IL23",0.974679434480896,0.00481823046819854,2.31711243043294,"Exposome (biological)","Byssochlamys","Cytokine","IL23",1,21
"genus_Castanea","SCF",1,0.0166666666666667,1.77815125038364,"Exposome (biological)","Castanea","Cytokine","SCF",2,7
"genus_Castanea","PAI1",1,0.0166666666666667,1.77815125038364,"Exposome (biological)","Castanea","Cytokine","PAI1",2,7
"genus_Cenococcum","IL2",0.974679434480896,0.00481823046819854,2.31711243043294,"Exposome (biological)","Cenococcum","Cytokine","IL2",2,15
"genus_Cenococcum","MCP1",-0.974679434480896,0.00481823046819854,2.31711243043294,"Exposome (biological)","Cenococcum","Cytokine","MCP1",2,15
"genus_Chryseobacterium","SDF1A",1,0.0166666666666667,1.77815125038364,"Exposome (biological)","Chryseobacterium","Cytokine","SDF1A",3,4
"genus_Chryseobacterium","IL1A",1,0.0166666666666667,1.77815125038364,"Exposome (biological)","Chryseobacterium","Cytokine","IL1A",3,4
"genus_Chryseobacterium","RESISTIN",1,0.0166666666666667,1.77815125038364,"Exposome (biological)","Chryseobacterium","Cytokine","RESISTIN",3,4
"genus_Chrysoporthe","MIP1A",1,0.0166666666666667,1.77815125038364,"Exposome (biological)","Chrysoporthe","Cytokine","MIP1A",10,4
"genus_Chrysoporthe","IL10",1,0.0166666666666667,1.77815125038364,"Exposome (biological)","Chrysoporthe","Cytokine","IL10",10,4
"genus_Chrysoporthe","IL1RA",1,0.0166666666666667,1.77815125038364,"Exposome (biological)","Chrysoporthe","Cytokine","IL1RA",10,4
"genus_Chrysoporthe","RANTES",1,0.0166666666666667,1.77815125038364,"Exposome (biological)","Chrysoporthe","Cytokine","RANTES",10,4
"genus_Chrysoporthe","TNFA",1,0.0166666666666667,1.77815125038364,"Exposome (biological)","Chrysoporthe","Cytokine","TNFA",10,4
"genus_Chrysoporthe","MIP1B",1,0.0166666666666667,1.77815125038364,"Exposome (biological)","Chrysoporthe","Cytokine","MIP1B",10,4
"genus_Chrysoporthe","TRAIL",1,0.0166666666666667,1.77815125038364,"Exposome (biological)","Chrysoporthe","Cytokine","TRAIL",10,4
"genus_Chrysoporthe","IL18",1,0.0166666666666667,1.77815125038364,"Exposome (biological)","Chrysoporthe","Cytokine","IL18",10,4
"genus_Chrysoporthe","MCSF",1,0.0166666666666667,1.77815125038364,"Exposome (biological)","Chrysoporthe","Cytokine","MCSF",10,4
"genus_Chrysoporthe","FGFB",1,0.0166666666666667,1.77815125038364,"Exposome (biological)","Chrysoporthe","Cytokine","FGFB",10,4
"genus_Clavaria","IL23",1,0.0166666666666667,1.77815125038364,"Exposome (biological)","Clavaria","Cytokine","IL23",1,21
"genus_Clostridium","LIF",1,0.0166666666666667,1.77815125038364,"Exposome (biological)","Clostridium","Cytokine","LIF",1,7
"genus_Coprinopsis","HGF",0.974679434480896,0.00481823046819854,2.31711243043294,"Exposome (biological)","Coprinopsis","Cytokine","HGF",2,3
"genus_Coprinopsis","IFNA",-0.974679434480896,0.00481823046819854,2.31711243043294,"Exposome (biological)","Coprinopsis","Cytokine","IFNA",2,3
"genus_Cordyceps","EGF",-0.974679434480896,0.00481823046819854,2.31711243043294,"Exposome (biological)","Cordyceps","Cytokine","EGF",2,6
"genus_Cordyceps","CD40L",-0.974679434480896,0.00481823046819854,2.31711243043294,"Exposome (biological)","Cordyceps","Cytokine","CD40L",2,6
"genus_Corynebacterium","SDF1A",-1,0.0166666666666667,1.77815125038364,"Exposome (biological)","Corynebacterium","Cytokine","SDF1A",3,4
"genus_Corynebacterium","IL1A",-1,0.0166666666666667,1.77815125038364,"Exposome (biological)","Corynebacterium","Cytokine","IL1A",3,4
"genus_Corynebacterium","RESISTIN",-1,0.0166666666666667,1.77815125038364,"Exposome (biological)","Corynebacterium","Cytokine","RESISTIN",3,4
"genus_Daucus","LIF",0.974679434480896,0.00481823046819854,2.31711243043294,"Exposome (biological)","Daucus","Cytokine","LIF",6,7
"genus_Daucus","IL6",0.974679434480896,0.00481823046819854,2.31711243043294,"Exposome (biological)","Daucus","Cytokine","IL6",6,8
"genus_Daucus","NGF",0.974679434480896,0.00481823046819854,2.31711243043294,"Exposome (biological)","Daucus","Cytokine","NGF",6,8
"genus_Daucus","IL12P40",0.974679434480896,0.00481823046819854,2.31711243043294,"Exposome (biological)","Daucus","Cytokine","IL12P40",6,8
"genus_Daucus","IL15",0.974679434480896,0.00481823046819854,2.31711243043294,"Exposome (biological)","Daucus","Cytokine","IL15",6,8
"genus_Daucus","ICAM1",0.974679434480896,0.00481823046819854,2.31711243043294,"Exposome (biological)","Daucus","Cytokine","ICAM1",6,8
"genus_Diaporthe","IP10",0.974679434480896,0.00481823046819854,2.31711243043294,"Exposome (biological)","Diaporthe","Cytokine","IP10",5,4
"genus_Diaporthe","TGFB",0.974679434480896,0.00481823046819854,2.31711243043294,"Exposome (biological)","Diaporthe","Cytokine","TGFB",5,4
"genus_Diaporthe","MIG",0.974679434480896,0.00481823046819854,2.31711243043294,"Exposome (biological)","Diaporthe","Cytokine","MIG",5,4
"genus_Diaporthe","IL21",0.974679434480896,0.00481823046819854,2.31711243043294,"Exposome (biological)","Diaporthe","Cytokine","IL21",5,4
"genus_Diaporthe","VCAM1",0.974679434480896,0.00481823046819854,2.31711243043294,"Exposome (biological)","Diaporthe","Cytokine","VCAM1",5,4
"genus_Enhydrobacter","LIF",0.974679434480896,0.00481823046819854,2.31711243043294,"Exposome (biological)","Enhydrobacter","Cytokine","LIF",6,7
"genus_Enhydrobacter","IL6",0.974679434480896,0.00481823046819854,2.31711243043294,"Exposome (biological)","Enhydrobacter","Cytokine","IL6",6,8
"genus_Enhydrobacter","NGF",0.974679434480896,0.00481823046819854,2.31711243043294,"Exposome (biological)","Enhydrobacter","Cytokine","NGF",6,8
"genus_Enhydrobacter","IL12P40",0.974679434480896,0.00481823046819854,2.31711243043294,"Exposome (biological)","Enhydrobacter","Cytokine","IL12P40",6,8
"genus_Enhydrobacter","IL15",0.974679434480896,0.00481823046819854,2.31711243043294,"Exposome (biological)","Enhydrobacter","Cytokine","IL15",6,8
"genus_Enhydrobacter","ICAM1",0.974679434480896,0.00481823046819854,2.31711243043294,"Exposome (biological)","Enhydrobacter","Cytokine","ICAM1",6,8
"genus_Enterococcus","IL23",0.974679434480896,0.00481823046819854,2.31711243043294,"Exposome (biological)","Enterococcus","Cytokine","IL23",1,21
"genus_Epilithonimonas","FASL",0.974679434480896,0.00481823046819854,2.31711243043294,"Exposome (biological)","Epilithonimonas","Cytokine","FASL",12,8
"genus_Epilithonimonas","IL27",0.974679434480896,0.00481823046819854,2.31711243043294,"Exposome (biological)","Epilithonimonas","Cytokine","IL27",12,8
"genus_Epilithonimonas","IL4",0.974679434480896,0.00481823046819854,2.31711243043294,"Exposome (biological)","Epilithonimonas","Cytokine","IL4",12,8
"genus_Epilithonimonas","IL5",0.974679434480896,0.00481823046819854,2.31711243043294,"Exposome (biological)","Epilithonimonas","Cytokine","IL5",12,8
"genus_Epilithonimonas","IL7",0.974679434480896,0.00481823046819854,2.31711243043294,"Exposome (biological)","Epilithonimonas","Cytokine","IL7",12,8
"genus_Epilithonimonas","IL8",0.974679434480896,0.00481823046819854,2.31711243043294,"Exposome (biological)","Epilithonimonas","Cytokine","IL8",12,7
"genus_Epilithonimonas","IFNB",0.974679434480896,0.00481823046819854,2.31711243043294,"Exposome (biological)","Epilithonimonas","Cytokine","IFNB",12,8
"genus_Epilithonimonas","IL13",0.974679434480896,0.00481823046819854,2.31711243043294,"Exposome (biological)","Epilithonimonas","Cytokine","IL13",12,8
"genus_Epilithonimonas","IL31",0.974679434480896,0.00481823046819854,2.31711243043294,"Exposome (biological)","Epilithonimonas","Cytokine","IL31",12,8
"genus_Epilithonimonas","IFNG",0.974679434480896,0.00481823046819854,2.31711243043294,"Exposome (biological)","Epilithonimonas","Cytokine","IFNG",12,8
"genus_Epilithonimonas","GMCSF",0.974679434480896,0.00481823046819854,2.31711243043294,"Exposome (biological)","Epilithonimonas","Cytokine","GMCSF",12,7
"genus_Epilithonimonas","GCSF",0.974679434480896,0.00481823046819854,2.31711243043294,"Exposome (biological)","Epilithonimonas","Cytokine","GCSF",12,8
"genus_Erythrobasidium","TGFA",-0.974679434480896,0.00481823046819854,2.31711243043294,"Exposome (biological)","Erythrobasidium","Cytokine","TGFA",1,3
"genus_Exidia","IL1B",1,0.0166666666666667,1.77815125038364,"Exposome (biological)","Exidia","Cytokine","IL1B",1,6
"genus_Exophiala","IL2",1,0.0166666666666667,1.77815125038364,"Exposome (biological)","Exophiala","Cytokine","IL2",2,15
"genus_Exophiala","MCP1",-1,0.0166666666666667,1.77815125038364,"Exposome (biological)","Exophiala","Cytokine","MCP1",2,15
"genus_Felis","IL17A",1,0.0166666666666667,1.77815125038364,"Exposome (biological)","Felis","Cytokine","IL17A",2,11
"genus_Felis","MCP3",1,0.0166666666666667,1.77815125038364,"Exposome (biological)","Felis","Cytokine","MCP3",2,11
"genus_Flammulina","IL23",0.974679434480896,0.00481823046819854,2.31711243043294,"Exposome (biological)","Flammulina","Cytokine","IL23",1,21
"genus_Fonsecaea","EGF",-0.974679434480896,0.00481823046819854,2.31711243043294,"Exposome (biological)","Fonsecaea","Cytokine","EGF",2,6
"genus_Fonsecaea","CD40L",-0.974679434480896,0.00481823046819854,2.31711243043294,"Exposome (biological)","Fonsecaea","Cytokine","CD40L",2,6
"genus_Fraxinus","IL23",0.974679434480896,0.00481823046819854,2.31711243043294,"Exposome (biological)","Fraxinus","Cytokine","IL23",1,21
"genus_Fusarium","FASL",1,0.0166666666666667,1.77815125038364,"Exposome (biological)","Fusarium","Cytokine","FASL",10,8
"genus_Fusarium","IL27",1,0.0166666666666667,1.77815125038364,"Exposome (biological)","Fusarium","Cytokine","IL27",10,8
"genus_Fusarium","IL4",1,0.0166666666666667,1.77815125038364,"Exposome (biological)","Fusarium","Cytokine","IL4",10,8
"genus_Fusarium","IL5",1,0.0166666666666667,1.77815125038364,"Exposome (biological)","Fusarium","Cytokine","IL5",10,8
"genus_Fusarium","IL7",1,0.0166666666666667,1.77815125038364,"Exposome (biological)","Fusarium","Cytokine","IL7",10,8
"genus_Fusarium","IFNB",1,0.0166666666666667,1.77815125038364,"Exposome (biological)","Fusarium","Cytokine","IFNB",10,8
"genus_Fusarium","IL13",1,0.0166666666666667,1.77815125038364,"Exposome (biological)","Fusarium","Cytokine","IL13",10,8
"genus_Fusarium","IL31",1,0.0166666666666667,1.77815125038364,"Exposome (biological)","Fusarium","Cytokine","IL31",10,8
"genus_Fusarium","IFNG",1,0.0166666666666667,1.77815125038364,"Exposome (biological)","Fusarium","Cytokine","IFNG",10,8
"genus_Fusarium","GCSF",1,0.0166666666666667,1.77815125038364,"Exposome (biological)","Fusarium","Cytokine","GCSF",10,8
"genus_Ganoderma","TGFA",0.974679434480896,0.00481823046819854,2.31711243043294,"Exposome (biological)","Ganoderma","Cytokine","TGFA",1,3
"genus_Gliomastix","EGF",-0.974679434480896,0.00481823046819854,2.31711243043294,"Exposome (biological)","Gliomastix","Cytokine","EGF",2,6
"genus_Gliomastix","CD40L",-0.974679434480896,0.00481823046819854,2.31711243043294,"Exposome (biological)","Gliomastix","Cytokine","CD40L",2,6
"genus_Gongronella","BDNF",-0.974679434480896,0.00481823046819854,2.31711243043294,"Exposome (biological)","Gongronella","Cytokine","BDNF",1,4
"genus_Haemophilus","LIF",0.974679434480896,0.00481823046819854,2.31711243043294,"Exposome (biological)","Haemophilus","Cytokine","LIF",6,7
"genus_Haemophilus","IL6",0.974679434480896,0.00481823046819854,2.31711243043294,"Exposome (biological)","Haemophilus","Cytokine","IL6",6,8
"genus_Haemophilus","NGF",0.974679434480896,0.00481823046819854,2.31711243043294,"Exposome (biological)","Haemophilus","Cytokine","NGF",6,8
"genus_Haemophilus","IL12P40",0.974679434480896,0.00481823046819854,2.31711243043294,"Exposome (biological)","Haemophilus","Cytokine","IL12P40",6,8
"genus_Haemophilus","IL15",0.974679434480896,0.00481823046819854,2.31711243043294,"Exposome (biological)","Haemophilus","Cytokine","IL15",6,8
"genus_Haemophilus","ICAM1",0.974679434480896,0.00481823046819854,2.31711243043294,"Exposome (biological)","Haemophilus","Cytokine","ICAM1",6,8
"genus_Heterobasidion","IL1B",0.974679434480896,0.00481823046819854,2.31711243043294,"Exposome (biological)","Heterobasidion","Cytokine","IL1B",1,6
"genus_Hordeum","FASL",0.974679434480896,0.00481823046819854,2.31711243043294,"Exposome (biological)","Hordeum","Cytokine","FASL",12,8
"genus_Hordeum","IL27",0.974679434480896,0.00481823046819854,2.31711243043294,"Exposome (biological)","Hordeum","Cytokine","IL27",12,8
"genus_Hordeum","IL4",0.974679434480896,0.00481823046819854,2.31711243043294,"Exposome (biological)","Hordeum","Cytokine","IL4",12,8
"genus_Hordeum","IL5",0.974679434480896,0.00481823046819854,2.31711243043294,"Exposome (biological)","Hordeum","Cytokine","IL5",12,8
"genus_Hordeum","IL7",0.974679434480896,0.00481823046819854,2.31711243043294,"Exposome (biological)","Hordeum","Cytokine","IL7",12,8
"genus_Hordeum","IL8",0.974679434480896,0.00481823046819854,2.31711243043294,"Exposome (biological)","Hordeum","Cytokine","IL8",12,7
"genus_Hordeum","IFNB",0.974679434480896,0.00481823046819854,2.31711243043294,"Exposome (biological)","Hordeum","Cytokine","IFNB",12,8
"genus_Hordeum","IL13",0.974679434480896,0.00481823046819854,2.31711243043294,"Exposome (biological)","Hordeum","Cytokine","IL13",12,8
"genus_Hordeum","IL31",0.974679434480896,0.00481823046819854,2.31711243043294,"Exposome (biological)","Hordeum","Cytokine","IL31",12,8
"genus_Hordeum","IFNG",0.974679434480896,0.00481823046819854,2.31711243043294,"Exposome (biological)","Hordeum","Cytokine","IFNG",12,8
"genus_Hordeum","GMCSF",0.974679434480896,0.00481823046819854,2.31711243043294,"Exposome (biological)","Hordeum","Cytokine","GMCSF",12,7
"genus_Hordeum","GCSF",0.974679434480896,0.00481823046819854,2.31711243043294,"Exposome (biological)","Hordeum","Cytokine","GCSF",12,8
"genus_Hymenoscyphus","IL23",1,0.0166666666666667,1.77815125038364,"Exposome (biological)","Hymenoscyphus","Cytokine","IL23",1,21
"genus_Hypsizygus","IL17A",1,0.0166666666666667,1.77815125038364,"Exposome (biological)","Hypsizygus","Cytokine","IL17A",2,11
"genus_Hypsizygus","MCP3",1,0.0166666666666667,1.77815125038364,"Exposome (biological)","Hypsizygus","Cytokine","MCP3",2,11
"genus_Isaria","MIP1A",0.974679434480896,0.00481823046819854,2.31711243043294,"Exposome (biological)","Isaria","Cytokine","MIP1A",10,4
"genus_Isaria","IL10",0.974679434480896,0.00481823046819854,2.31711243043294,"Exposome (biological)","Isaria","Cytokine","IL10",10,4
"genus_Isaria","IL1RA",0.974679434480896,0.00481823046819854,2.31711243043294,"Exposome (biological)","Isaria","Cytokine","IL1RA",10,4
"genus_Isaria","RANTES",0.974679434480896,0.00481823046819854,2.31711243043294,"Exposome (biological)","Isaria","Cytokine","RANTES",10,4
"genus_Isaria","TNFA",0.974679434480896,0.00481823046819854,2.31711243043294,"Exposome (biological)","Isaria","Cytokine","TNFA",10,4
"genus_Isaria","MIP1B",0.974679434480896,0.00481823046819854,2.31711243043294,"Exposome (biological)","Isaria","Cytokine","MIP1B",10,4
"genus_Isaria","TRAIL",0.974679434480896,0.00481823046819854,2.31711243043294,"Exposome (biological)","Isaria","Cytokine","TRAIL",10,4
"genus_Isaria","IL18",0.974679434480896,0.00481823046819854,2.31711243043294,"Exposome (biological)","Isaria","Cytokine","IL18",10,4
"genus_Isaria","MCSF",0.974679434480896,0.00481823046819854,2.31711243043294,"Exposome (biological)","Isaria","Cytokine","MCSF",10,4
"genus_Isaria","FGFB",0.974679434480896,0.00481823046819854,2.31711243043294,"Exposome (biological)","Isaria","Cytokine","FGFB",10,4
"genus_Jaapia","IL23",1,0.0166666666666667,1.77815125038364,"Exposome (biological)","Jaapia","Cytokine","IL23",1,21
"genus_Lecanosticta","IL2",0.974679434480896,0.00481823046819854,2.31711243043294,"Exposome (biological)","Lecanosticta","Cytokine","IL2",2,15
"genus_Lecanosticta","MCP1",-0.974679434480896,0.00481823046819854,2.31711243043294,"Exposome (biological)","Lecanosticta","Cytokine","MCP1",2,15
"genus_Legionella","IL2",1,0.0166666666666667,1.77815125038364,"Exposome (biological)","Legionella","Cytokine","IL2",2,15
"genus_Legionella","MCP1",-1,0.0166666666666667,1.77815125038364,"Exposome (biological)","Legionella","Cytokine","MCP1",2,15
"genus_Malassezia","HGF",1,0.0166666666666667,1.77815125038364,"Exposome (biological)","Malassezia","Cytokine","HGF",2,3
"genus_Malassezia","IFNA",-1,0.0166666666666667,1.77815125038364,"Exposome (biological)","Malassezia","Cytokine","IFNA",2,3
"genus_Marssonina","IL23",1,0.0166666666666667,1.77815125038364,"Exposome (biological)","Marssonina","Cytokine","IL23",1,21
"genus_Meira","SCF",0.974679434480896,0.00481823046819854,2.31711243043294,"Exposome (biological)","Meira","Cytokine","SCF",2,7
"genus_Meira","PAI1",0.974679434480896,0.00481823046819854,2.31711243043294,"Exposome (biological)","Meira","Cytokine","PAI1",2,7
"genus_Mrakia","EGF",-0.974679434480896,0.00481823046819854,2.31711243043294,"Exposome (biological)","Mrakia","Cytokine","EGF",2,6
"genus_Mrakia","CD40L",-0.974679434480896,0.00481823046819854,2.31711243043294,"Exposome (biological)","Mrakia","Cytokine","CD40L",2,6
"genus_Mycena","IL23",0.974679434480896,0.00481823046819854,2.31711243043294,"Exposome (biological)","Mycena","Cytokine","IL23",1,21
"genus_Neofusicoccum","IL2",0.974679434480896,0.00481823046819854,2.31711243043294,"Exposome (biological)","Neofusicoccum","Cytokine","IL2",2,15
"genus_Neofusicoccum","MCP1",-0.974679434480896,0.00481823046819854,2.31711243043294,"Exposome (biological)","Neofusicoccum","Cytokine","MCP1",2,15
"genus_Neolentinus","IL23",1,0.0166666666666667,1.77815125038364,"Exposome (biological)","Neolentinus","Cytokine","IL23",1,21
"genus_Niabella","SCF",0.974679434480896,0.00481823046819854,2.31711243043294,"Exposome (biological)","Niabella","Cytokine","SCF",2,7
"genus_Niabella","PAI1",0.974679434480896,0.00481823046819854,2.31711243043294,"Exposome (biological)","Niabella","Cytokine","PAI1",2,7
"genus_Oceanobacillus","IL17A",1,0.0166666666666667,1.77815125038364,"Exposome (biological)","Oceanobacillus","Cytokine","IL17A",2,11
"genus_Oceanobacillus","MCP3",1,0.0166666666666667,1.77815125038364,"Exposome (biological)","Oceanobacillus","Cytokine","MCP3",2,11
"genus_Oidiodendron","IL6",1,0.0166666666666667,1.77815125038364,"Exposome (biological)","Oidiodendron","Cytokine","IL6",5,8
"genus_Oidiodendron","NGF",1,0.0166666666666667,1.77815125038364,"Exposome (biological)","Oidiodendron","Cytokine","NGF",5,8
"genus_Oidiodendron","IL12P40",1,0.0166666666666667,1.77815125038364,"Exposome (biological)","Oidiodendron","Cytokine","IL12P40",5,8
"genus_Oidiodendron","IL15",1,0.0166666666666667,1.77815125038364,"Exposome (biological)","Oidiodendron","Cytokine","IL15",5,8
"genus_Oidiodendron","ICAM1",1,0.0166666666666667,1.77815125038364,"Exposome (biological)","Oidiodendron","Cytokine","ICAM1",5,8
"genus_Omphalotus","IL23",0.974679434480896,0.00481823046819854,2.31711243043294,"Exposome (biological)","Omphalotus","Cytokine","IL23",1,21
"genus_Paenibacillus","LIF",1,0.0166666666666667,1.77815125038364,"Exposome (biological)","Paenibacillus","Cytokine","LIF",1,7
"genus_Paramecium","IL17F",0.974679434480896,0.00481823046819854,2.31711243043294,"Exposome (biological)","Paramecium","Cytokine","IL17F",9,3
"genus_Paramecium","IL12P70",0.974679434480896,0.00481823046819854,2.31711243043294,"Exposome (biological)","Paramecium","Cytokine","IL12P70",9,3
"genus_Paramecium","IL9",0.974679434480896,0.00481823046819854,2.31711243043294,"Exposome (biological)","Paramecium","Cytokine","IL9",9,3
"genus_Paramecium","VEGFD",0.974679434480896,0.00481823046819854,2.31711243043294,"Exposome (biological)","Paramecium","Cytokine","VEGFD",9,3
"genus_Paramecium","TNFB",0.974679434480896,0.00481823046819854,2.31711243043294,"Exposome (biological)","Paramecium","Cytokine","TNFB",9,3
"genus_Paramecium","IL22",0.974679434480896,0.00481823046819854,2.31711243043294,"Exposome (biological)","Paramecium","Cytokine","IL22",9,3
"genus_Paramecium","PDGFBB",0.974679434480896,0.00481823046819854,2.31711243043294,"Exposome (biological)","Paramecium","Cytokine","PDGFBB",9,3
"genus_Paramecium","VEGF",0.974679434480896,0.00481823046819854,2.31711243043294,"Exposome (biological)","Paramecium","Cytokine","VEGF",9,3
"genus_Paramecium","LEPTIN",0.974679434480896,0.00481823046819854,2.31711243043294,"Exposome (biological)","Paramecium","Cytokine","LEPTIN",9,3
"genus_Paraphaeosphaeria","MIP1A",0.974679434480896,0.00481823046819854,2.31711243043294,"Exposome (biological)","Paraphaeosphaeria","Cytokine","MIP1A",10,4
"genus_Paraphaeosphaeria","IL10",0.974679434480896,0.00481823046819854,2.31711243043294,"Exposome (biological)","Paraphaeosphaeria","Cytokine","IL10",10,4
"genus_Paraphaeosphaeria","IL1RA",0.974679434480896,0.00481823046819854,2.31711243043294,"Exposome (biological)","Paraphaeosphaeria","Cytokine","IL1RA",10,4
"genus_Paraphaeosphaeria","RANTES",0.974679434480896,0.00481823046819854,2.31711243043294,"Exposome (biological)","Paraphaeosphaeria","Cytokine","RANTES",10,4
"genus_Paraphaeosphaeria","TNFA",0.974679434480896,0.00481823046819854,2.31711243043294,"Exposome (biological)","Paraphaeosphaeria","Cytokine","TNFA",10,4
"genus_Paraphaeosphaeria","MIP1B",0.974679434480896,0.00481823046819854,2.31711243043294,"Exposome (biological)","Paraphaeosphaeria","Cytokine","MIP1B",10,4
"genus_Paraphaeosphaeria","TRAIL",0.974679434480896,0.00481823046819854,2.31711243043294,"Exposome (biological)","Paraphaeosphaeria","Cytokine","TRAIL",10,4
"genus_Paraphaeosphaeria","IL18",0.974679434480896,0.00481823046819854,2.31711243043294,"Exposome (biological)","Paraphaeosphaeria","Cytokine","IL18",10,4
"genus_Paraphaeosphaeria","MCSF",0.974679434480896,0.00481823046819854,2.31711243043294,"Exposome (biological)","Paraphaeosphaeria","Cytokine","MCSF",10,4
"genus_Paraphaeosphaeria","FGFB",0.974679434480896,0.00481823046819854,2.31711243043294,"Exposome (biological)","Paraphaeosphaeria","Cytokine","FGFB",10,4
"genus_Paraphoma","SCF",0.974679434480896,0.00481823046819854,2.31711243043294,"Exposome (biological)","Paraphoma","Cytokine","SCF",2,7
"genus_Paraphoma","PAI1",0.974679434480896,0.00481823046819854,2.31711243043294,"Exposome (biological)","Paraphoma","Cytokine","PAI1",2,7
"genus_Parastagonospora","IP10",0.974679434480896,0.00481823046819854,2.31711243043294,"Exposome (biological)","Parastagonospora","Cytokine","IP10",5,4
"genus_Parastagonospora","TGFB",0.974679434480896,0.00481823046819854,2.31711243043294,"Exposome (biological)","Parastagonospora","Cytokine","TGFB",5,4
"genus_Parastagonospora","MIG",0.974679434480896,0.00481823046819854,2.31711243043294,"Exposome (biological)","Parastagonospora","Cytokine","MIG",5,4
"genus_Parastagonospora","IL21",0.974679434480896,0.00481823046819854,2.31711243043294,"Exposome (biological)","Parastagonospora","Cytokine","IL21",5,4
"genus_Parastagonospora","VCAM1",0.974679434480896,0.00481823046819854,2.31711243043294,"Exposome (biological)","Parastagonospora","Cytokine","VCAM1",5,4
"genus_Passalora","IL2",0.974679434480896,0.00481823046819854,2.31711243043294,"Exposome (biological)","Passalora","Cytokine","IL2",2,15
"genus_Passalora","MCP1",-0.974679434480896,0.00481823046819854,2.31711243043294,"Exposome (biological)","Passalora","Cytokine","MCP1",2,15
"genus_Pedobacter","IL2",1,0.0166666666666667,1.77815125038364,"Exposome (biological)","Pedobacter","Cytokine","IL2",2,15
"genus_Pedobacter","MCP1",-1,0.0166666666666667,1.77815125038364,"Exposome (biological)","Pedobacter","Cytokine","MCP1",2,15
"genus_Penicillium","IL9",1,0.0166666666666667,1.77815125038364,"Exposome (biological)","Penicillium","Cytokine","IL9",2,3
"genus_Penicillium","PDGFBB",1,0.0166666666666667,1.77815125038364,"Exposome (biological)","Penicillium","Cytokine","PDGFBB",2,3
"genus_Phellinus","IL23",1,0.0166666666666667,1.77815125038364,"Exposome (biological)","Phellinus","Cytokine","IL23",1,21
"genus_Phytophthora","IL23",-0.974679434480896,0.00481823046819854,2.31711243043294,"Exposome (biological)","Phytophthora","Cytokine","IL23",1,21
"genus_Planomicrobium","IL23",-0.974679434480896,0.00481823046819854,2.31711243043294,"Exposome (biological)","Planomicrobium","Cytokine","IL23",1,21
"genus_Plicaturopsis","IL23",1,0.0166666666666667,1.77815125038364,"Exposome (biological)","Plicaturopsis","Cytokine","IL23",1,21
"genus_Pontibacter","IL1B",-0.974679434480896,0.00481823046819854,2.31711243043294,"Exposome (biological)","Pontibacter","Cytokine","IL1B",1,6
"genus_Propionibacterium","IL17A",1,0.0166666666666667,1.77815125038364,"Exposome (biological)","Propionibacterium","Cytokine","IL17A",2,11
"genus_Propionibacterium","MCP3",1,0.0166666666666667,1.77815125038364,"Exposome (biological)","Propionibacterium","Cytokine","MCP3",2,11
"genus_Pseudogymnoascus","FASL",1,0.0166666666666667,1.77815125038364,"Exposome (biological)","Pseudogymnoascus","Cytokine","FASL",10,8
"genus_Pseudogymnoascus","IL27",1,0.0166666666666667,1.77815125038364,"Exposome (biological)","Pseudogymnoascus","Cytokine","IL27",10,8
"genus_Pseudogymnoascus","IL4",1,0.0166666666666667,1.77815125038364,"Exposome (biological)","Pseudogymnoascus","Cytokine","IL4",10,8
"genus_Pseudogymnoascus","IL5",1,0.0166666666666667,1.77815125038364,"Exposome (biological)","Pseudogymnoascus","Cytokine","IL5",10,8
"genus_Pseudogymnoascus","IL7",1,0.0166666666666667,1.77815125038364,"Exposome (biological)","Pseudogymnoascus","Cytokine","IL7",10,8
"genus_Pseudogymnoascus","IFNB",1,0.0166666666666667,1.77815125038364,"Exposome (biological)","Pseudogymnoascus","Cytokine","IFNB",10,8
"genus_Pseudogymnoascus","IL13",1,0.0166666666666667,1.77815125038364,"Exposome (biological)","Pseudogymnoascus","Cytokine","IL13",10,8
"genus_Pseudogymnoascus","IL31",1,0.0166666666666667,1.77815125038364,"Exposome (biological)","Pseudogymnoascus","Cytokine","IL31",10,8
"genus_Pseudogymnoascus","IFNG",1,0.0166666666666667,1.77815125038364,"Exposome (biological)","Pseudogymnoascus","Cytokine","IFNG",10,8
"genus_Pseudogymnoascus","GCSF",1,0.0166666666666667,1.77815125038364,"Exposome (biological)","Pseudogymnoascus","Cytokine","GCSF",10,8
"genus_Pseudotsuga","IL2",0.974679434480896,0.00481823046819854,2.31711243043294,"Exposome (biological)","Pseudotsuga","Cytokine","IL2",2,15
"genus_Pseudotsuga","MCP1",-0.974679434480896,0.00481823046819854,2.31711243043294,"Exposome (biological)","Pseudotsuga","Cytokine","MCP1",2,15
"genus_Pyrenochaeta","IL2",0.974679434480896,0.00481823046819854,2.31711243043294,"Exposome (biological)","Pyrenochaeta","Cytokine","IL2",2,15
"genus_Pyrenochaeta","MCP1",-0.974679434480896,0.00481823046819854,2.31711243043294,"Exposome (biological)","Pyrenochaeta","Cytokine","MCP1",2,15
"genus_Pyrenophora","IL1B",-1,0.0166666666666667,1.77815125038364,"Exposome (biological)","Pyrenophora","Cytokine","IL1B",1,6
"genus_Rasamsonia","IL2",1,0.0166666666666667,1.77815125038364,"Exposome (biological)","Rasamsonia","Cytokine","IL2",2,15
"genus_Rasamsonia","MCP1",-1,0.0166666666666667,1.77815125038364,"Exposome (biological)","Rasamsonia","Cytokine","MCP1",2,15
"genus_Rosellinia","IL23",1,0.0166666666666667,1.77815125038364,"Exposome (biological)","Rosellinia","Cytokine","IL23",1,21
"genus_Rubrobacter","SDF1A",-0.974679434480896,0.00481823046819854,2.31711243043294,"Exposome (biological)","Rubrobacter","Cytokine","SDF1A",5,4
"genus_Rubrobacter","SCF",-0.974679434480896,0.00481823046819854,2.31711243043294,"Exposome (biological)","Rubrobacter","Cytokine","SCF",5,7
"genus_Rubrobacter","IL1A",-0.974679434480896,0.00481823046819854,2.31711243043294,"Exposome (biological)","Rubrobacter","Cytokine","IL1A",5,4
"genus_Rubrobacter","RESISTIN",-0.974679434480896,0.00481823046819854,2.31711243043294,"Exposome (biological)","Rubrobacter","Cytokine","RESISTIN",5,4
"genus_Rubrobacter","PAI1",-0.974679434480896,0.00481823046819854,2.31711243043294,"Exposome (biological)","Rubrobacter","Cytokine","PAI1",5,7
"genus_Sarocladium","FASL",0.974679434480896,0.00481823046819854,2.31711243043294,"Exposome (biological)","Sarocladium","Cytokine","FASL",12,8
"genus_Sarocladium","IL27",0.974679434480896,0.00481823046819854,2.31711243043294,"Exposome (biological)","Sarocladium","Cytokine","IL27",12,8
"genus_Sarocladium","IL4",0.974679434480896,0.00481823046819854,2.31711243043294,"Exposome (biological)","Sarocladium","Cytokine","IL4",12,8
"genus_Sarocladium","IL5",0.974679434480896,0.00481823046819854,2.31711243043294,"Exposome (biological)","Sarocladium","Cytokine","IL5",12,8
"genus_Sarocladium","IL7",0.974679434480896,0.00481823046819854,2.31711243043294,"Exposome (biological)","Sarocladium","Cytokine","IL7",12,8
"genus_Sarocladium","IL8",0.974679434480896,0.00481823046819854,2.31711243043294,"Exposome (biological)","Sarocladium","Cytokine","IL8",12,7
"genus_Sarocladium","IFNB",0.974679434480896,0.00481823046819854,2.31711243043294,"Exposome (biological)","Sarocladium","Cytokine","IFNB",12,8
"genus_Sarocladium","IL13",0.974679434480896,0.00481823046819854,2.31711243043294,"Exposome (biological)","Sarocladium","Cytokine","IL13",12,8
"genus_Sarocladium","IL31",0.974679434480896,0.00481823046819854,2.31711243043294,"Exposome (biological)","Sarocladium","Cytokine","IL31",12,8
"genus_Sarocladium","IFNG",0.974679434480896,0.00481823046819854,2.31711243043294,"Exposome (biological)","Sarocladium","Cytokine","IFNG",12,8
"genus_Sarocladium","GMCSF",0.974679434480896,0.00481823046819854,2.31711243043294,"Exposome (biological)","Sarocladium","Cytokine","GMCSF",12,7
"genus_Sarocladium","GCSF",0.974679434480896,0.00481823046819854,2.31711243043294,"Exposome (biological)","Sarocladium","Cytokine","GCSF",12,8
"genus_Sediminibacterium","GROA",-0.974679434480896,0.00481823046819854,2.31711243043294,"Exposome (biological)","Sediminibacterium","Cytokine","GROA",1,4
"genus_Serpula","BDNF",-0.974679434480896,0.00481823046819854,2.31711243043294,"Exposome (biological)","Serpula","Cytokine","BDNF",1,4
"genus_Sistotremastrum","GROA",1,0.0166666666666667,1.77815125038364,"Exposome (biological)","Sistotremastrum","Cytokine","GROA",1,4
"genus_Sphingobacterium","SCF",0.974679434480896,0.00481823046819854,2.31711243043294,"Exposome (biological)","Sphingobacterium","Cytokine","SCF",2,7
"genus_Sphingobacterium","PAI1",0.974679434480896,0.00481823046819854,2.31711243043294,"Exposome (biological)","Sphingobacterium","Cytokine","PAI1",2,7
"genus_Spirosoma","IL6",1,0.0166666666666667,1.77815125038364,"Exposome (biological)","Spirosoma","Cytokine","IL6",5,8
"genus_Spirosoma","NGF",1,0.0166666666666667,1.77815125038364,"Exposome (biological)","Spirosoma","Cytokine","NGF",5,8
"genus_Spirosoma","IL12P40",1,0.0166666666666667,1.77815125038364,"Exposome (biological)","Spirosoma","Cytokine","IL12P40",5,8
"genus_Spirosoma","IL15",1,0.0166666666666667,1.77815125038364,"Exposome (biological)","Spirosoma","Cytokine","IL15",5,8
"genus_Spirosoma","ICAM1",1,0.0166666666666667,1.77815125038364,"Exposome (biological)","Spirosoma","Cytokine","ICAM1",5,8
"genus_Sporosarcina","IP10",0.974679434480896,0.00481823046819854,2.31711243043294,"Exposome (biological)","Sporosarcina","Cytokine","IP10",5,4
"genus_Sporosarcina","TGFB",0.974679434480896,0.00481823046819854,2.31711243043294,"Exposome (biological)","Sporosarcina","Cytokine","TGFB",5,4
"genus_Sporosarcina","MIG",0.974679434480896,0.00481823046819854,2.31711243043294,"Exposome (biological)","Sporosarcina","Cytokine","MIG",5,4
"genus_Sporosarcina","IL21",0.974679434480896,0.00481823046819854,2.31711243043294,"Exposome (biological)","Sporosarcina","Cytokine","IL21",5,4
"genus_Sporosarcina","VCAM1",0.974679434480896,0.00481823046819854,2.31711243043294,"Exposome (biological)","Sporosarcina","Cytokine","VCAM1",5,4
"genus_Sporothrix","MIP1A",0.974679434480896,0.00481823046819854,2.31711243043294,"Exposome (biological)","Sporothrix","Cytokine","MIP1A",10,4
"genus_Sporothrix","IL10",0.974679434480896,0.00481823046819854,2.31711243043294,"Exposome (biological)","Sporothrix","Cytokine","IL10",10,4
"genus_Sporothrix","IL1RA",0.974679434480896,0.00481823046819854,2.31711243043294,"Exposome (biological)","Sporothrix","Cytokine","IL1RA",10,4
"genus_Sporothrix","RANTES",0.974679434480896,0.00481823046819854,2.31711243043294,"Exposome (biological)","Sporothrix","Cytokine","RANTES",10,4
"genus_Sporothrix","TNFA",0.974679434480896,0.00481823046819854,2.31711243043294,"Exposome (biological)","Sporothrix","Cytokine","TNFA",10,4
"genus_Sporothrix","MIP1B",0.974679434480896,0.00481823046819854,2.31711243043294,"Exposome (biological)","Sporothrix","Cytokine","MIP1B",10,4
"genus_Sporothrix","TRAIL",0.974679434480896,0.00481823046819854,2.31711243043294,"Exposome (biological)","Sporothrix","Cytokine","TRAIL",10,4
"genus_Sporothrix","IL18",0.974679434480896,0.00481823046819854,2.31711243043294,"Exposome (biological)","Sporothrix","Cytokine","IL18",10,4
"genus_Sporothrix","MCSF",0.974679434480896,0.00481823046819854,2.31711243043294,"Exposome (biological)","Sporothrix","Cytokine","MCSF",10,4
"genus_Sporothrix","FGFB",0.974679434480896,0.00481823046819854,2.31711243043294,"Exposome (biological)","Sporothrix","Cytokine","FGFB",10,4
"genus_Staphylococcus","IL8",1,0.0166666666666667,1.77815125038364,"Exposome (biological)","Staphylococcus","Cytokine","IL8",2,7
"genus_Staphylococcus","GMCSF",1,0.0166666666666667,1.77815125038364,"Exposome (biological)","Staphylococcus","Cytokine","GMCSF",2,7
"genus_Stereum","LIF",-1,0.0166666666666667,1.77815125038364,"Exposome (biological)","Stereum","Cytokine","LIF",1,7
"genus_Talaromyces","IL6",1,0.0166666666666667,1.77815125038364,"Exposome (biological)","Talaromyces","Cytokine","IL6",5,8
"genus_Talaromyces","NGF",1,0.0166666666666667,1.77815125038364,"Exposome (biological)","Talaromyces","Cytokine","NGF",5,8
"genus_Talaromyces","IL12P40",1,0.0166666666666667,1.77815125038364,"Exposome (biological)","Talaromyces","Cytokine","IL12P40",5,8
"genus_Talaromyces","IL15",1,0.0166666666666667,1.77815125038364,"Exposome (biological)","Talaromyces","Cytokine","IL15",5,8
"genus_Talaromyces","ICAM1",1,0.0166666666666667,1.77815125038364,"Exposome (biological)","Talaromyces","Cytokine","ICAM1",5,8
"genus_Taphrina","IL2",0.974679434480896,0.00481823046819854,2.31711243043294,"Exposome (biological)","Taphrina","Cytokine","IL2",2,15
"genus_Taphrina","MCP1",-0.974679434480896,0.00481823046819854,2.31711243043294,"Exposome (biological)","Taphrina","Cytokine","MCP1",2,15
"genus_Tarenaya","BDNF",-0.974679434480896,0.00481823046819854,2.31711243043294,"Exposome (biological)","Tarenaya","Cytokine","BDNF",1,4
"genus_Terrimonas","TGFB",1,0.0166666666666667,1.77815125038364,"Exposome (biological)","Terrimonas","Cytokine","TGFB",3,4
"genus_Terrimonas","MIG",1,0.0166666666666667,1.77815125038364,"Exposome (biological)","Terrimonas","Cytokine","MIG",3,4
"genus_Terrimonas","VCAM1",1,0.0166666666666667,1.77815125038364,"Exposome (biological)","Terrimonas","Cytokine","VCAM1",3,4
"genus_Thermoactinomyces","FASL",1,0.0166666666666667,1.77815125038364,"Exposome (biological)","Thermoactinomyces","Cytokine","FASL",10,8
"genus_Thermoactinomyces","IL27",1,0.0166666666666667,1.77815125038364,"Exposome (biological)","Thermoactinomyces","Cytokine","IL27",10,8
"genus_Thermoactinomyces","IL4",1,0.0166666666666667,1.77815125038364,"Exposome (biological)","Thermoactinomyces","Cytokine","IL4",10,8
"genus_Thermoactinomyces","IL5",1,0.0166666666666667,1.77815125038364,"Exposome (biological)","Thermoactinomyces","Cytokine","IL5",10,8
"genus_Thermoactinomyces","IL7",1,0.0166666666666667,1.77815125038364,"Exposome (biological)","Thermoactinomyces","Cytokine","IL7",10,8
"genus_Thermoactinomyces","IFNB",1,0.0166666666666667,1.77815125038364,"Exposome (biological)","Thermoactinomyces","Cytokine","IFNB",10,8
"genus_Thermoactinomyces","IL13",1,0.0166666666666667,1.77815125038364,"Exposome (biological)","Thermoactinomyces","Cytokine","IL13",10,8
"genus_Thermoactinomyces","IL31",1,0.0166666666666667,1.77815125038364,"Exposome (biological)","Thermoactinomyces","Cytokine","IL31",10,8
"genus_Thermoactinomyces","IFNG",1,0.0166666666666667,1.77815125038364,"Exposome (biological)","Thermoactinomyces","Cytokine","IFNG",10,8
"genus_Thermoactinomyces","GCSF",1,0.0166666666666667,1.77815125038364,"Exposome (biological)","Thermoactinomyces","Cytokine","GCSF",10,8
"genus_Thermoascus","IL23",0.974679434480896,0.00481823046819854,2.31711243043294,"Exposome (biological)","Thermoascus","Cytokine","IL23",1,21
"genus_Thermomucor","EGF",-0.974679434480896,0.00481823046819854,2.31711243043294,"Exposome (biological)","Thermomucor","Cytokine","EGF",2,6
"genus_Thermomucor","CD40L",-0.974679434480896,0.00481823046819854,2.31711243043294,"Exposome (biological)","Thermomucor","Cytokine","CD40L",2,6
"genus_Thielavia","IL2",0.974679434480896,0.00481823046819854,2.31711243043294,"Exposome (biological)","Thielavia","Cytokine","IL2",2,15
"genus_Thielavia","MCP1",-0.974679434480896,0.00481823046819854,2.31711243043294,"Exposome (biological)","Thielavia","Cytokine","MCP1",2,15
"genus_Tolypocladium","IL2",0.974679434480896,0.00481823046819854,2.31711243043294,"Exposome (biological)","Tolypocladium","Cytokine","IL2",2,15
"genus_Tolypocladium","MCP1",-0.974679434480896,0.00481823046819854,2.31711243043294,"Exposome (biological)","Tolypocladium","Cytokine","MCP1",2,15
"genus_Venturia","IL23",0.974679434480896,0.00481823046819854,2.31711243043294,"Exposome (biological)","Venturia","Cytokine","IL23",1,21
"genus_Wallemia","FASL",0.974679434480896,0.00481823046819854,2.31711243043294,"Exposome (biological)","Wallemia","Cytokine","FASL",12,8
"genus_Wallemia","IL27",0.974679434480896,0.00481823046819854,2.31711243043294,"Exposome (biological)","Wallemia","Cytokine","IL27",12,8
"genus_Wallemia","IL4",0.974679434480896,0.00481823046819854,2.31711243043294,"Exposome (biological)","Wallemia","Cytokine","IL4",12,8
"genus_Wallemia","IL5",0.974679434480896,0.00481823046819854,2.31711243043294,"Exposome (biological)","Wallemia","Cytokine","IL5",12,8
"genus_Wallemia","IL7",0.974679434480896,0.00481823046819854,2.31711243043294,"Exposome (biological)","Wallemia","Cytokine","IL7",12,8
"genus_Wallemia","IL8",0.974679434480896,0.00481823046819854,2.31711243043294,"Exposome (biological)","Wallemia","Cytokine","IL8",12,7
"genus_Wallemia","IFNB",0.974679434480896,0.00481823046819854,2.31711243043294,"Exposome (biological)","Wallemia","Cytokine","IFNB",12,8
"genus_Wallemia","IL13",0.974679434480896,0.00481823046819854,2.31711243043294,"Exposome (biological)","Wallemia","Cytokine","IL13",12,8
"genus_Wallemia","IL31",0.974679434480896,0.00481823046819854,2.31711243043294,"Exposome (biological)","Wallemia","Cytokine","IL31",12,8
"genus_Wallemia","IFNG",0.974679434480896,0.00481823046819854,2.31711243043294,"Exposome (biological)","Wallemia","Cytokine","IFNG",12,8
"genus_Wallemia","GMCSF",0.974679434480896,0.00481823046819854,2.31711243043294,"Exposome (biological)","Wallemia","Cytokine","GMCSF",12,7
"genus_Wallemia","GCSF",0.974679434480896,0.00481823046819854,2.31711243043294,"Exposome (biological)","Wallemia","Cytokine","GCSF",12,8
"genus_Xeromyces","IL17F",-0.974679434480896,0.00481823046819854,2.31711243043294,"Exposome (biological)","Xeromyces","Cytokine","IL17F",9,3
"genus_Xeromyces","IL8",-0.974679434480896,0.00481823046819854,2.31711243043294,"Exposome (biological)","Xeromyces","Cytokine","IL8",9,7
"genus_Xeromyces","IL12P70",-0.974679434480896,0.00481823046819854,2.31711243043294,"Exposome (biological)","Xeromyces","Cytokine","IL12P70",9,3
"genus_Xeromyces","GMCSF",-0.974679434480896,0.00481823046819854,2.31711243043294,"Exposome (biological)","Xeromyces","Cytokine","GMCSF",9,7
"genus_Xeromyces","VEGFD",-0.974679434480896,0.00481823046819854,2.31711243043294,"Exposome (biological)","Xeromyces","Cytokine","VEGFD",9,3
"genus_Xeromyces","TNFB",-0.974679434480896,0.00481823046819854,2.31711243043294,"Exposome (biological)","Xeromyces","Cytokine","TNFB",9,3
"genus_Xeromyces","IL22",-0.974679434480896,0.00481823046819854,2.31711243043294,"Exposome (biological)","Xeromyces","Cytokine","IL22",9,3
"genus_Xeromyces","VEGF",-0.974679434480896,0.00481823046819854,2.31711243043294,"Exposome (biological)","Xeromyces","Cytokine","VEGF",9,3
"genus_Xeromyces","LEPTIN",-0.974679434480896,0.00481823046819854,2.31711243043294,"Exposome (biological)","Xeromyces","Cytokine","LEPTIN",9,3
"dNO2","IL17A",1,0.0166666666666667,1.77815125038364,"Environment","dNO2","Cytokine","IL17A",2,11
"dNO2","MCP3",1,0.0166666666666667,1.77815125038364,"Environment","dNO2","Cytokine","MCP3",2,11
"dSO2","IL1B",0.948683298050514,0.0138468329888591,1.85864954593104,"Environment","dSO2","Cytokine","IL1B",4,6
"dSO2","IL17A",0.948683298050514,0.0138468329888591,1.85864954593104,"Environment","dSO2","Cytokine","IL17A",4,11
"dSO2","GROA",0.948683298050514,0.0138468329888591,1.85864954593104,"Environment","dSO2","Cytokine","GROA",4,4
"dSO2","MCP3",0.948683298050514,0.0138468329888591,1.85864954593104,"Environment","dSO2","Cytokine","MCP3",4,11
"X_Mean_Wind_SpeedKm.h","IL8",-1,0.0166666666666667,1.77815125038364,"Environment","X_Mean_Wind_SpeedKm.h","Cytokine","IL8",2,7
"X_Mean_Wind_SpeedKm.h","GMCSF",-1,0.0166666666666667,1.77815125038364,"Environment","X_Mean_Wind_SpeedKm.h","Cytokine","GMCSF",2,7
